subject,score,N,policy,coverage,set_size,delta_coverage,delta_size,queried,saving
1,APS,120,CS_beta_9_1,0.8920097222222222,3.5560444444444443,0.009990277777777733,0.11187499999999995,102.56666666666666,0.14527777777777776
1,APS,120,CS_uniform,0.8914444444444445,3.5422027777777783,0.009424999999999954,0.09803333333333326,106.33333333333333,0.11388888888888886
1,APS,120,HG,0.8934111111111112,3.571940277777778,0.011391666666666621,0.12777083333333328,97.3,0.18916666666666665
1,APS,120,JRC,0.8933152777777777,3.570883333333333,0.011295833333333293,0.12671388888888885,90.0,0.25000000000000006
1,APS,120,fixed_25,0.8849152777777778,3.5302513888888893,0.002895833333333324,0.08608194444444442,30.0,0.7500000000000004
1,APS,120,fixed_50,0.8822847222222222,3.4716930555555554,0.0002652777777777757,0.027523611111111075,60.0,0.5000000000000002
1,APS,120,fixed_75,0.880875,3.446459722222222,-0.001144444444444429,0.0022902777777777735,90.0,0.2500000000000001
1,APS,120,full_reference,0.8820194444444444,3.444169444444445,0.0,0.0,120.0,0.0
1,APS,240,CS_beta_9_1,0.8972277777777777,3.5952763888888892,0.016299999999999967,0.17892499999999997,177.0,0.2625
1,APS,240,CS_uniform,0.8978055555555556,3.6029597222222227,0.016877777777777755,0.1866083333333333,187.4,0.21916666666666665
1,APS,240,HG,0.8976833333333333,3.6014083333333335,0.01675555555555552,0.1850569444444444,166.23333333333332,0.3073611111111111
1,APS,240,JRC,0.8969444444444444,3.593788888888889,0.016016666666666627,0.17743749999999997,152.2,0.3658333333333334
1,APS,240,fixed_25,0.882611111111111,3.4758333333333336,0.0016833333333333067,0.05948194444444443,60.0,0.7500000000000004
1,APS,240,fixed_50,0.8811625,3.4353416666666665,0.0002347222222222316,0.018990277777777762,120.0,0.5000000000000002
1,APS,240,fixed_75,0.8805763888888888,3.420083333333333,-0.0003513888888888756,0.00373194444444444,180.0,0.2500000000000001
1,APS,240,full_reference,0.8809277777777776,3.4163513888888892,0.0,0.0,240.0,0.0
1,LAC,120,CS_beta_9_1,0.7951125000000001,2.1602666666666663,0.0349805555555555,0.13291666666666663,101.66666666666667,0.15277777777777773
1,LAC,120,CS_uniform,0.7941986111111112,2.155351388888889,0.03406666666666662,0.12800138888888885,105.46666666666667,0.12111111111111109
1,LAC,120,HG,0.7989000000000002,2.1816166666666663,0.03876805555555551,0.15426666666666664,96.53333333333333,0.19555555555555557
1,LAC,120,JRC,0.7968000000000001,2.175633333333333,0.036668055555555516,0.14828333333333327,88.16666666666667,0.26527777777777783
1,LAC,120,fixed_25,0.7743708333333333,2.232002777777778,0.014238888888888865,0.20465277777777774,30.0,0.7500000000000004
1,LAC,120,fixed_50,0.7657722222222223,2.1194416666666664,0.005640277777777747,0.09209166666666664,60.0,0.5000000000000002
1,LAC,120,fixed_75,0.76125,2.0647208333333333,0.0011180555555555598,0.03737083333333336,90.0,0.2500000000000001
1,LAC,120,full_reference,0.7601319444444444,2.0273499999999998,0.0,0.0,120.0,0.0
1,LAC,240,CS_beta_9_1,0.8077916666666668,2.1963861111111114,0.05002361111111106,0.21813749999999996,170.96666666666667,0.28763888888888894
1,LAC,240,CS_uniform,0.8087472222222222,2.2012986111111115,0.05097916666666662,0.22305,182.66666666666666,0.2388888888888889
1,LAC,240,HG,0.8084236111111112,2.201923611111111,0.0506555555555555,0.22367499999999998,162.5,0.32291666666666674
1,LAC,240,JRC,0.8054069444444445,2.1936625000000003,0.047638888888888856,0.21541388888888888,149.5,0.3770833333333333
1,LAC,240,fixed_25,0.7647569444444445,2.0889652777777776,0.0069888888888888735,0.11071666666666662,60.0,0.7500000000000004
1,LAC,240,fixed_50,0.7581680555555557,2.0013777777777775,0.0004000000000000073,0.023129166666666635,120.0,0.5000000000000002
1,LAC,240,fixed_75,0.7579736111111112,1.9907458333333332,0.00020555555555556656,0.0124972222222222,180.0,0.2500000000000001
1,LAC,240,full_reference,0.7577680555555556,1.978248611111111,0.0,0.0,240.0,0.0
2,APS,120,CS_beta_9_1,0.8745513888888888,2.9551972222222225,0.012590277777777733,0.08613055555555552,109.36666666666666,0.08861111111111104
2,APS,120,CS_uniform,0.8721791666666666,2.9451125,0.01021805555555552,0.0760458333333333,112.16666666666667,0.06527777777777773
2,APS,120,HG,0.8772458333333333,2.972172222222222,0.015284722222222174,0.10310555555555553,105.53333333333333,0.12055555555555549
2,APS,120,JRC,0.8768819444444443,2.9741097222222224,0.014920833333333293,0.10504305555555553,100.2,0.165
2,APS,120,fixed_25,0.8620263888888888,3.0602805555555554,6.527777777775348e-05,0.19121388888888888,30.0,0.7500000000000004
2,APS,120,fixed_50,0.864536111111111,2.986727777777778,0.002574999999999981,0.11766111111111106,60.0,0.5000000000000002
2,APS,120,fixed_75,0.8630652777777778,2.9010208333333334,0.0011041666666666513,0.03195416666666666,90.0,0.2500000000000001
2,APS,120,full_reference,0.8619611111111111,2.8690666666666664,0.0,0.0,120.0,0.0
2,APS,240,CS_beta_9_1,0.8809027777777776,2.9410694444444445,0.02357222222222218,0.16398055555555552,201.13333333333333,0.16194444444444445
2,APS,240,CS_uniform,0.8808013888888888,2.942013888888889,0.023470833333333285,0.16492499999999996,208.83333333333334,0.1298611111111111
2,APS,240,HG,0.8825083333333332,2.9577194444444443,0.025177777777777723,0.18063055555555552,192.0,0.20000000000000004
2,APS,240,JRC,0.881784722222222,2.9539055555555556,0.024454166666666634,0.17681666666666665,181.4,0.2441666666666667
2,APS,240,fixed_25,0.8652194444444443,2.9535625,0.007888888888888872,0.1764736111111111,60.0,0.7500000000000004
2,APS,240,fixed_50,0.8616222222222222,2.857177777777778,0.004291666666666649,0.08008888888888886,120.0,0.5000000000000002
2,APS,240,fixed_75,0.8577430555555554,2.8015708333333333,0.00041249999999997994,0.02448194444444444,180.0,0.2500000000000001
2,APS,240,full_reference,0.8573305555555554,2.777088888888889,0.0,0.0,240.0,0.0
2,LAC,120,CS_beta_9_1,0.8939805555555556,1.9560083333333333,0.005627777777777733,0.07936249999999999,107.93333333333334,0.1005555555555555
2,LAC,120,CS_uniform,0.892738888888889,1.9372069444444444,0.004386111111111073,0.06056111111111108,111.66666666666667,0.0694444444444444
2,LAC,120,HG,0.8946847222222222,1.9646361111111112,0.006331944444444393,0.08799027777777774,103.86666666666666,0.1344444444444444
2,LAC,120,JRC,0.8942819444444444,1.9609472222222224,0.005929166666666626,0.08430138888888886,97.46666666666667,0.1877777777777778
2,LAC,120,fixed_25,0.895401388888889,2.0793958333333333,0.0070486111111110715,0.20274999999999999,30.0,0.7500000000000004
2,LAC,120,fixed_50,0.8937916666666667,1.983423611111111,0.005438888888888856,0.10677777777777772,60.0,0.5000000000000002
2,LAC,120,fixed_75,0.8890319444444444,1.8994833333333332,0.0006791666666666487,0.0228375,90.0,0.2500000000000001
2,LAC,120,full_reference,0.8883527777777778,1.8766458333333336,0.0,0.0,120.0,0.0
2,LAC,240,CS_beta_9_1,0.8966958333333335,1.9909083333333333,0.0101819444444444,0.1460930555555555,194.56666666666666,0.18930555555555553
2,LAC,240,CS_uniform,0.8967125,1.9939541666666665,0.01019861111111108,0.14913888888888885,203.16666666666666,0.1534722222222222
2,LAC,240,HG,0.8972,1.9944388888888889,0.01068611111111106,0.14962361111111108,185.36666666666667,0.2276388888888889
2,LAC,240,JRC,0.8969277777777779,1.9911027777777777,0.010413888888888855,0.14628749999999996,173.93333333333334,0.2752777777777778
2,LAC,240,fixed_25,0.891288888888889,1.9476541666666667,0.004775000000000011,0.10283888888888888,60.0,0.7500000000000004
2,LAC,240,fixed_50,0.8882972222222223,1.8782833333333333,0.0017833333333333347,0.033468055555555536,120.0,0.5000000000000002
2,LAC,240,fixed_75,0.8874666666666666,1.8626402777777777,0.0009527777777777689,0.01782499999999997,180.0,0.2500000000000001
2,LAC,240,full_reference,0.8865138888888889,1.8448152777777775,0.0,0.0,240.0,0.0
3,APS,120,CS_beta_9_1,0.9031291666666668,3.435597222222222,0.012813888888888835,0.11753888888888885,100.26666666666667,0.1644444444444444
3,APS,120,CS_uniform,0.9017527777777778,3.4222791666666668,0.011437499999999946,0.10422083333333329,104.96666666666667,0.12527777777777774
3,APS,120,HG,0.9038750000000001,3.4426944444444443,0.013559722222222187,0.12463611111111109,95.33333333333333,0.20555555555555557
3,APS,120,JRC,0.9030055555555556,3.4370361111111114,0.012690277777777733,0.11897777777777777,87.83333333333333,0.2680555555555556
3,APS,120,fixed_25,0.8952069444444445,3.4032069444444444,0.004891666666666667,0.08514861111111109,30.0,0.7500000000000004
3,APS,120,fixed_50,0.8914291666666667,3.3364208333333334,0.0011138888888888932,0.0183625,60.0,0.5000000000000002
3,APS,120,fixed_75,0.8896569444444444,3.315541666666667,-0.00065833333333332,-0.002516666666666653,90.0,0.2500000000000001
3,APS,120,full_reference,0.8903152777777777,3.3180583333333336,0.0,0.0,120.0,0.0
3,APS,240,CS_beta_9_1,0.9065680555555555,3.477798611111111,0.01832222222222218,0.17872777777777774,173.4,0.27749999999999997
3,APS,240,CS_uniform,0.90655,3.4789319444444446,0.018304166666666614,0.1798611111111111,183.96666666666667,0.23347222222222225
3,APS,240,HG,0.9065666666666667,3.4813055555555557,0.01832083333333328,0.1822347222222222,163.73333333333332,0.31777777777777777
3,APS,240,JRC,0.9058,3.4729027777777777,0.017554166666666617,0.1738319444444444,149.43333333333334,0.37736111111111115
3,APS,240,fixed_25,0.8952194444444446,3.380052777777778,0.006973611111111085,0.08098194444444443,60.0,0.7500000000000004
3,APS,240,fixed_50,0.890725,3.3246097222222217,0.002479166666666658,0.025538888888888892,120.0,0.5000000000000002
3,APS,240,fixed_75,0.8888152777777779,3.3007430555555555,0.0005694444444444331,0.001672222222222234,180.0,0.2500000000000001
3,APS,240,full_reference,0.8882458333333333,3.2990708333333334,0.0,0.0,240.0,0.0
3,LAC,120,CS_beta_9_1,0.7705055555555556,1.9421958333333333,0.03319722222222218,0.1339041666666666,102.9,0.14249999999999993
3,LAC,120,CS_uniform,0.7671722222222221,1.9245125,0.029863888888888836,0.11622083333333327,107.36666666666666,0.1052777777777777
3,LAC,120,HG,0.7737555555555555,1.961976388888889,0.036447222222222166,0.15368472222222218,97.8,0.185
3,LAC,120,JRC,0.771338888888889,1.9540694444444446,0.03403055555555552,0.1457777777777777,89.53333333333333,0.25388888888888894
3,LAC,120,fixed_25,0.7565472222222223,2.006584722222222,0.019238888888888847,0.19829305555555551,30.0,0.7500000000000004
3,LAC,120,fixed_50,0.7472430555555556,1.9090583333333333,0.009934722222222199,0.10076666666666664,60.0,0.5000000000000002
3,LAC,120,fixed_75,0.7408902777777778,1.8351027777777777,0.0035819444444444358,0.026811111111111088,90.0,0.2500000000000001
3,LAC,120,full_reference,0.7373083333333333,1.8082916666666666,0.0,0.0,120.0,0.0
3,LAC,240,CS_beta_9_1,0.7750652777777778,1.9620736111111112,0.04364166666666661,0.20294027777777773,175.5,0.26875000000000004
3,LAC,240,CS_uniform,0.7756611111111111,1.9616138888888888,0.044237499999999944,0.20248055555555552,187.3,0.21958333333333335
3,LAC,240,HG,0.7751194444444445,1.9615347222222221,0.04369583333333328,0.20240138888888884,168.46666666666667,0.29805555555555563
3,LAC,240,JRC,0.7727722222222223,1.9542458333333337,0.041348611111111065,0.19511249999999997,155.83333333333334,0.3506944444444445
3,LAC,240,fixed_25,0.7516027777777778,1.9474027777777778,0.020179166666666616,0.1882694444444444,60.0,0.7500000000000004
3,LAC,240,fixed_50,0.7373666666666666,1.8071027777777777,0.005943055555555533,0.04796944444444441,120.0,0.5000000000000002
3,LAC,240,fixed_75,0.7334041666666667,1.771825,0.001980555555555551,0.01269166666666666,180.0,0.2500000000000001
3,LAC,240,full_reference,0.7314236111111112,1.7591333333333334,0.0,0.0,240.0,0.0
4,APS,120,CS_beta_9_1,0.9323305555555556,2.9271180555555554,0.011568055555555519,0.1302916666666666,104.56666666666666,0.12861111111111106
4,APS,120,CS_uniform,0.9302236111111112,2.899248611111111,0.009461111111111075,0.10242222222222218,108.93333333333334,0.09222222222222218
4,APS,120,HG,0.9328708333333334,2.9450277777777774,0.0121083333333333,0.14820138888888887,99.66666666666667,0.1694444444444444
4,APS,120,JRC,0.932775,2.9442263888888887,0.012012499999999954,0.14739999999999995,92.03333333333333,0.23305555555555552
4,APS,120,fixed_25,0.9155083333333334,2.924066666666667,-0.005254166666666654,0.12724027777777774,30.0,0.7500000000000004
4,APS,120,fixed_50,0.9195902777777778,2.8418374999999996,-0.0011722222222222268,0.0450111111111111,60.0,0.5000000000000002
4,APS,120,fixed_75,0.9202347222222222,2.809006944444444,-0.0005277777777777622,0.01218055555555554,90.0,0.2500000000000001
4,APS,120,full_reference,0.9207625,2.796826388888889,0.0,0.0,120.0,0.0
4,APS,240,CS_beta_9_1,0.9386902777777777,3.001033333333333,0.01719444444444441,0.2198597222222222,182.56666666666666,0.23930555555555555
4,APS,240,CS_uniform,0.9395361111111112,3.008615277777778,0.018040277777777728,0.22744166666666663,192.9,0.19624999999999995
4,APS,240,HG,0.9382930555555556,3.000561111111111,0.016797222222222172,0.21938749999999999,172.7,0.2804166666666667
4,APS,240,JRC,0.9381513888888889,2.9968125,0.016655555555555507,0.21563888888888885,157.33333333333334,0.34444444444444444
4,APS,240,fixed_25,0.9208930555555557,2.8463138888888886,-0.0006027777777777698,0.06514027777777774,60.0,0.7500000000000004
4,APS,240,fixed_50,0.9213194444444444,2.807926388888889,-0.0001763888888888782,0.02675277777777778,120.0,0.5000000000000002
4,APS,240,fixed_75,0.9214513888888889,2.7903749999999996,-4.444444444444447e-05,0.009201388888888901,180.0,0.2500000000000001
4,APS,240,full_reference,0.9214958333333333,2.7811736111111114,0.0,0.0,240.0,0.0
4,LAC,120,CS_beta_9_1,0.9679861111111111,1.9112486111111113,0.005608333333333282,0.08656527777777771,109.03333333333333,0.09138888888888883
4,LAC,120,CS_uniform,0.9655291666666667,1.8885597222222221,0.003151388888888864,0.06387638888888883,112.63333333333334,0.061388888888888854
4,LAC,120,HG,0.9694069444444444,1.9378569444444445,0.007029166666666623,0.11317361111111109,103.86666666666666,0.13444444444444442
4,LAC,120,JRC,0.9699763888888888,1.9404444444444444,0.007598611111111073,0.11576111111111108,97.1,0.19083333333333333
4,LAC,120,fixed_25,0.9552583333333332,1.9912305555555556,-0.007119444444444429,0.16654722222222224,30.0,0.7500000000000004
4,LAC,120,fixed_50,0.9583791666666667,1.866572222222222,-0.003998611111111094,0.04188888888888887,60.0,0.5000000000000002
4,LAC,120,fixed_75,0.9615722222222222,1.840326388888889,-0.0008055555555555402,0.01564305555555554,90.0,0.2500000000000001
4,LAC,120,full_reference,0.9623777777777779,1.8246833333333337,0.0,0.0,120.0,0.0
4,LAC,240,CS_beta_9_1,0.9739041666666667,1.9913055555555557,0.012952777777777728,0.1993958333333333,191.73333333333332,0.2011111111111111
4,LAC,240,CS_uniform,0.9734958333333332,1.9852416666666666,0.012544444444444402,0.1933319444444444,202.0,0.1583333333333333
4,LAC,240,HG,0.9729152777777778,1.9782305555555555,0.01196388888888884,0.18632083333333327,183.0,0.2375
4,LAC,240,JRC,0.9729402777777777,1.9817500000000001,0.011988888888888848,0.18984027777777773,169.23333333333332,0.29486111111111113
4,LAC,240,fixed_25,0.9582486111111111,1.9074041666666668,-0.0027027777777777536,0.11549444444444441,60.0,0.7500000000000004
4,LAC,240,fixed_50,0.9610402777777778,1.8355694444444446,8.888888888889503e-05,0.043659722222222176,120.0,0.5000000000000002
4,LAC,240,fixed_75,0.9598583333333333,1.800075,-0.0010930555555555583,0.008165277777777761,180.0,0.2500000000000001
4,LAC,240,full_reference,0.960951388888889,1.7919097222222222,0.0,0.0,240.0,0.0
5,APS,120,CS_beta_9_1,0.9694305555555557,3.2547527777777776,0.004063888888888836,0.07977222222222219,110.46666666666667,0.07944444444444439
5,APS,120,CS_uniform,0.9687597222222223,3.2395555555555555,0.003393055555555516,0.06457499999999997,113.16666666666667,0.056944444444444374
5,APS,120,HG,0.9705194444444446,3.2711847222222223,0.005152777777777727,0.09620416666666663,106.26666666666667,0.11444444444444439
5,APS,120,JRC,0.970463888888889,3.2750069444444443,0.00509722222222218,0.10002638888888886,100.7,0.1608333333333333
5,APS,120,fixed_25,0.9595319444444445,3.353486111111111,-0.005834722222222207,0.17850555555555553,30.0,0.7500000000000004
5,APS,120,fixed_50,0.9641722222222222,3.260486111111111,-0.0011944444444444392,0.08550555555555552,60.0,0.5000000000000002
5,APS,120,fixed_75,0.9651472222222223,3.199175,-0.00021944444444444005,0.02419444444444444,90.0,0.2500000000000001
5,APS,120,full_reference,0.9653666666666667,3.174980555555556,0.0,0.0,120.0,0.0
5,APS,240,CS_beta_9_1,0.9724861111111113,3.2679513888888887,0.007624999999999947,0.16298888888888882,200.0,0.16666666666666666
5,APS,240,CS_uniform,0.9724750000000001,3.2687138888888883,0.007613888888888833,0.1637513888888888,207.66666666666666,0.13472222222222222
5,APS,240,HG,0.972938888888889,3.279709722222222,0.008077777777777722,0.17474722222222214,190.93333333333334,0.20444444444444446
5,APS,240,JRC,0.9726694444444445,3.2724416666666665,0.007808333333333274,0.1674791666666666,180.56666666666666,0.2476388888888889
5,APS,240,fixed_25,0.9622486111111112,3.2105736111111107,-0.00261249999999998,0.10561111111111111,60.0,0.7500000000000004
5,APS,240,fixed_50,0.9637805555555556,3.1435319444444447,-0.0010805555555555468,0.03856944444444445,120.0,0.5000000000000002
5,APS,240,fixed_75,0.9640986111111112,3.1174513888888886,-0.0007625000000000048,0.012488888888888886,180.0,0.2500000000000001
5,APS,240,full_reference,0.9648611111111111,3.1049624999999996,0.0,0.0,240.0,0.0
5,LAC,120,CS_beta_9_1,0.9807166666666668,2.1237916666666665,0.0036013888888888467,0.07709166666666663,109.7,0.08583333333333326
5,LAC,120,CS_uniform,0.9796166666666668,2.1043430555555553,0.0025013888888888625,0.05764305555555551,113.16666666666667,0.056944444444444395
5,LAC,120,HG,0.9818541666666668,2.1476249999999997,0.004738888888888843,0.10092499999999995,104.96666666666667,0.1252777777777777
5,LAC,120,JRC,0.9817111111111114,2.1456222222222223,0.0045958333333332956,0.09892222222222218,99.23333333333333,0.17305555555555555
5,LAC,120,fixed_25,0.9780597222222223,2.2745375,0.0009444444444444391,0.2278375,30.0,0.7500000000000004
5,LAC,120,fixed_50,0.9771680555555556,2.139034722222222,5.277777777778668e-05,0.09233472222222218,60.0,0.5000000000000002
5,LAC,120,fixed_75,0.9765972222222223,2.085384722222222,-0.0005180555555555333,0.03868472222222224,90.0,0.2500000000000001
5,LAC,120,full_reference,0.977115277777778,2.0467,0.0,0.0,120.0,0.0
5,LAC,240,CS_beta_9_1,0.9837638888888891,2.165070833333333,0.006531944444444415,0.17684027777777772,196.66666666666666,0.18055555555555552
5,LAC,240,CS_uniform,0.9837458333333335,2.1669597222222223,0.006513888888888853,0.17872916666666663,205.63333333333333,0.14319444444444446
5,LAC,240,HG,0.9836666666666668,2.1667555555555555,0.006434722222222187,0.17852499999999996,186.53333333333333,0.2227777777777778
5,LAC,240,JRC,0.9833097222222223,2.1625013888888893,0.006077777777777736,0.1742708333333333,174.53333333333333,0.2727777777777778
5,LAC,240,fixed_25,0.976513888888889,2.0920472222222224,-0.000718055555555553,0.10381666666666667,60.0,0.7500000000000004
5,LAC,240,fixed_50,0.9766666666666668,2.0086097222222223,-0.0005652777777777671,0.020379166666666646,120.0,0.5000000000000002
5,LAC,240,fixed_75,0.9771555555555557,2.003027777777778,-7.638888888888009e-05,0.014797222222222205,180.0,0.2500000000000001
5,LAC,240,full_reference,0.9772319444444446,1.9882305555555557,0.0,0.0,240.0,0.0
6,APS,120,CS_beta_9_1,0.9449361111111112,3.3309194444444445,0.010059722222222175,0.11692083333333331,106.83333333333333,0.10972222222222218
6,APS,120,CS_uniform,0.9425472222222223,3.3112333333333335,0.007670833333333293,0.0972347222222222,110.36666666666666,0.08027777777777773
6,APS,120,HG,0.9472819444444446,3.3427527777777772,0.012405555555555513,0.12875416666666661,102.93333333333334,0.1422222222222222
6,APS,120,JRC,0.9466361111111111,3.338933333333333,0.01175972222222218,0.12493472222222218,96.4,0.19666666666666663
6,APS,120,fixed_25,0.9312861111111113,3.3182444444444443,-0.003590277777777767,0.10424583333333333,30.0,0.7500000000000004
6,APS,120,fixed_50,0.9324638888888889,3.253936111111111,-0.0024124999999999863,0.03993749999999999,60.0,0.5000000000000002
6,APS,120,fixed_75,0.9337597222222223,3.220745833333333,-0.001116666666666666,0.006747222222222212,90.0,0.2500000000000001
6,APS,120,full_reference,0.9348763888888888,3.2139986111111107,0.0,0.0,120.0,0.0
6,APS,240,CS_beta_9_1,0.9552875000000001,3.3609722222222222,0.020247222222222163,0.19413888888888886,193.26666666666668,0.1947222222222222
6,APS,240,CS_uniform,0.9544416666666666,3.3642694444444445,0.019401388888888847,0.1974361111111111,201.4,0.1608333333333333
6,APS,240,HG,0.9554944444444444,3.362605555555555,0.020454166666666624,0.19577222222222218,184.33333333333334,0.23194444444444445
6,APS,240,JRC,0.9550750000000001,3.3607763888888886,0.02003472222222218,0.19394305555555552,171.96666666666667,0.2834722222222223
6,APS,240,fixed_25,0.9370930555555557,3.257998611111111,0.0020527777777777623,0.09116527777777776,60.0,0.7500000000000004
6,APS,240,fixed_50,0.9361944444444446,3.2004944444444443,0.0011541666666666668,0.03366111111111112,120.0,0.5000000000000002
6,APS,240,fixed_75,0.9347013888888889,3.1705333333333328,-0.00033888888888888017,0.00370000000000002,180.0,0.2500000000000001
6,APS,240,full_reference,0.9350402777777779,3.1668333333333334,0.0,0.0,240.0,0.0
6,LAC,120,CS_beta_9_1,0.9691541666666666,2.1046680555555555,0.006851388888888853,0.11802499999999996,105.5,0.12083333333333328
6,LAC,120,CS_uniform,0.9668763888888889,2.0786916666666664,0.0045736111111110735,0.09204861111111108,110.16666666666667,0.0819444444444444
6,LAC,120,HG,0.9701430555555556,2.122623611111111,0.007840277777777736,0.13598055555555552,100.7,0.16083333333333327
6,LAC,120,JRC,0.9701583333333335,2.123548611111111,0.007855555555555515,0.1369055555555555,93.23333333333333,0.2230555555555556
6,LAC,120,fixed_25,0.9614416666666667,2.146872222222222,-0.0008611111111110932,0.16022916666666662,30.0,0.7500000000000004
6,LAC,120,fixed_50,0.9613611111111111,2.0430194444444445,-0.0009416666666666381,0.05637638888888887,60.0,0.5000000000000002
6,LAC,120,fixed_75,0.9615958333333334,1.9923763888888888,-0.0007069444444444216,0.0057333333333333325,90.0,0.2500000000000001
6,LAC,120,full_reference,0.9623027777777777,1.9866430555555554,0.0,0.0,120.0,0.0
6,LAC,240,CS_beta_9_1,0.9720750000000001,2.1323291666666666,0.011174999999999961,0.2012805555555555,184.1,0.23291666666666666
6,LAC,240,CS_uniform,0.972263888888889,2.1350208333333334,0.011363888888888847,0.20397222222222217,195.13333333333333,0.18694444444444447
6,LAC,240,HG,0.9717361111111112,2.1281791666666665,0.010836111111111067,0.19713055555555548,175.86666666666667,0.26722222222222225
6,LAC,240,JRC,0.9715958333333334,2.1296444444444442,0.010695833333333281,0.19859583333333328,162.93333333333334,0.32111111111111107
6,LAC,240,fixed_25,0.9626069444444446,2.096929166666667,0.0017069444444444497,0.16588055555555553,60.0,0.7500000000000004
6,LAC,240,fixed_50,0.9616069444444445,1.9748055555555557,0.0007069444444444355,0.04375694444444442,120.0,0.5000000000000002
6,LAC,240,fixed_75,0.9610722222222223,1.9406152777777776,0.00017222222222220456,0.00956666666666666,180.0,0.2500000000000001
6,LAC,240,full_reference,0.9609000000000001,1.9310486111111111,0.0,0.0,240.0,0.0
7,APS,120,CS_beta_9_1,0.926176388888889,3.318483333333333,0.013665277777777728,0.10808888888888886,105.9,0.11749999999999991
7,APS,120,CS_uniform,0.9236152777777777,3.289166666666666,0.01110416666666662,0.07877222222222219,110.56666666666666,0.07861111111111103
7,APS,120,HG,0.9268027777777779,3.326452777777777,0.01429166666666662,0.11605833333333329,101.0,0.15833333333333327
7,APS,120,JRC,0.9261569444444445,3.3258180555555557,0.013645833333333307,0.11542361111111106,93.63333333333334,0.2197222222222222
7,APS,120,fixed_25,0.9157555555555557,3.3162361111111114,0.0032444444444444387,0.10584166666666665,30.0,0.7500000000000004
7,APS,120,fixed_50,0.9139694444444444,3.252911111111111,0.001458333333333332,0.04251666666666667,60.0,0.5000000000000002
7,APS,120,fixed_75,0.9120069444444445,3.233169444444444,-0.0005041666666666647,0.02277499999999998,90.0,0.2500000000000001
7,APS,120,full_reference,0.9125111111111112,3.2103944444444443,0.0,0.0,120.0,0.0
7,APS,240,CS_beta_9_1,0.931313888888889,3.3623125,0.018911111111111063,0.17571527777777776,187.53333333333333,0.2186111111111111
7,APS,240,CS_uniform,0.9324944444444444,3.370848611111111,0.020091666666666626,0.18425138888888884,197.1,0.17875
7,APS,240,HG,0.931176388888889,3.3637722222222224,0.018773611111111057,0.177175,177.63333333333333,0.25986111111111115
7,APS,240,JRC,0.9301694444444445,3.3527374999999995,0.01776666666666663,0.16614027777777773,164.5,0.3145833333333334
7,APS,240,fixed_25,0.914325,3.2647291666666667,0.0019222222222222247,0.0781319444444444,60.0,0.7500000000000004
7,APS,240,fixed_50,0.9126444444444445,3.197776388888889,0.00024166666666667092,0.011179166666666653,120.0,0.5000000000000002
7,APS,240,fixed_75,0.9123916666666666,3.189294444444444,-1.1111111111079934e-05,0.002697222222222219,180.0,0.2500000000000001
7,APS,240,full_reference,0.9124027777777778,3.1865972222222223,0.0,0.0,240.0,0.0
7,LAC,120,CS_beta_9_1,0.9144986111111113,2.1201458333333334,0.0267458333333333,0.10206666666666661,107.16666666666667,0.10694444444444437
7,LAC,120,CS_uniform,0.9099666666666668,2.0990166666666665,0.02221388888888885,0.08093749999999995,110.83333333333333,0.07638888888888883
7,LAC,120,HG,0.9163666666666668,2.1305527777777775,0.028613888888888852,0.11247361111111108,102.7,0.14416666666666667
7,LAC,120,JRC,0.9142833333333334,2.1239180555555555,0.026530555555555505,0.10583888888888886,96.1,0.19916666666666666
7,LAC,120,fixed_25,0.891365277777778,2.191847222222222,0.0036125000000000133,0.17376805555555555,30.0,0.7500000000000004
7,LAC,120,fixed_50,0.8930555555555557,2.127725,0.005302777777777784,0.10964583333333329,60.0,0.5000000000000002
7,LAC,120,fixed_75,0.8888652777777779,2.037247222222222,0.0011125000000000113,0.019168055555555532,90.0,0.2500000000000001
7,LAC,120,full_reference,0.8877527777777778,2.018079166666667,0.0,0.0,120.0,0.0
7,LAC,240,CS_beta_9_1,0.9220555555555557,2.1423194444444444,0.0371833333333333,0.17783333333333332,192.0,0.2
7,LAC,240,CS_uniform,0.9229361111111113,2.1439916666666665,0.03806388888888886,0.17950555555555553,200.63333333333333,0.16402777777777774
7,LAC,240,HG,0.9226555555555557,2.1432972222222224,0.0377833333333333,0.1788111111111111,184.4,0.23166666666666666
7,LAC,240,JRC,0.920940277777778,2.13785,0.03606805555555554,0.17336388888888885,172.96666666666667,0.27930555555555553
7,LAC,240,fixed_25,0.8898847222222224,2.116240277777778,0.005012500000000004,0.15175416666666663,60.0,0.7500000000000004
7,LAC,240,fixed_50,0.8885250000000001,2.0202069444444444,0.0036527777777777977,0.05572083333333333,120.0,0.5000000000000002
7,LAC,240,fixed_75,0.8860097222222224,1.9884222222222223,0.0011375000000000094,0.023936111111111064,180.0,0.2500000000000001
7,LAC,240,full_reference,0.8848722222222223,1.964486111111111,0.0,0.0,240.0,0.0
8,APS,120,CS_beta_9_1,0.9427430555555555,2.7990027777777775,0.013983333333333287,0.1436555555555555,102.56666666666666,0.14527777777777773
8,APS,120,CS_uniform,0.9405888888888889,2.7791222222222225,0.011829166666666613,0.12377499999999997,107.06666666666666,0.10777777777777774
8,APS,120,HG,0.9427791666666666,2.8090874999999995,0.014019444444444387,0.15374027777777774,97.33333333333333,0.1888888888888888
8,APS,120,JRC,0.9426458333333333,2.810059722222222,0.013886111111111061,0.15471249999999998,88.6,0.26166666666666666
8,APS,120,fixed_25,0.9284486111111111,2.7325777777777778,-0.00031111111111112164,0.07723055555555551,30.0,0.7500000000000004
8,APS,120,fixed_50,0.9290861111111111,2.695108333333333,0.0003263888888888933,0.03976111111111109,60.0,0.5000000000000002
8,APS,120,fixed_75,0.928873611111111,2.6741555555555556,0.00011388888888889343,0.018808333333333312,90.0,0.2500000000000001
8,APS,120,full_reference,0.9287597222222223,2.6553472222222223,0.0,0.0,120.0,0.0
8,APS,240,CS_beta_9_1,0.9462972222222222,2.8459083333333335,0.018081944444444387,0.2116583333333333,178.33333333333334,0.2569444444444444
8,APS,240,CS_uniform,0.9474083333333333,2.860175,0.019193055555555505,0.225925,189.53333333333333,0.21027777777777773
8,APS,240,HG,0.9459819444444444,2.84715,0.017766666666666608,0.21289999999999998,166.83333333333334,0.3048611111111112
8,APS,240,JRC,0.9456666666666665,2.842815277777778,0.017451388888888846,0.20856527777777775,150.33333333333334,0.37361111111111117
8,APS,240,fixed_25,0.9293555555555556,2.6966472222222224,0.0011402777777777845,0.06239722222222221,60.0,0.7500000000000004
8,APS,240,fixed_50,0.9283208333333334,2.655145833333333,0.00010555555555556469,0.020895833333333332,120.0,0.5000000000000002
8,APS,240,fixed_75,0.9275,2.6364916666666667,-0.0007152777777777728,0.0022416666666666934,180.0,0.2500000000000001
8,APS,240,full_reference,0.9282152777777778,2.63425,0.0,0.0,240.0,0.0
8,LAC,120,CS_beta_9_1,0.9459083333333336,1.7463416666666667,0.017929166666666628,0.14133472222222215,99.33333333333333,0.1722222222222222
8,LAC,120,CS_uniform,0.9458611111111112,1.7372361111111112,0.01788194444444441,0.13222916666666662,103.9,0.13416666666666666
8,LAC,120,HG,0.9462569444444446,1.7577777777777779,0.018277777777777733,0.15277083333333327,94.7,0.21083333333333334
8,LAC,120,JRC,0.9463305555555558,1.7558208333333336,0.018351388888888844,0.15081388888888886,85.6,0.2866666666666668
8,LAC,120,fixed_25,0.9210458333333336,1.7234819444444442,-0.006933333333333295,0.11847499999999998,30.0,0.7500000000000004
8,LAC,120,fixed_50,0.9233569444444446,1.6413152777777777,-0.004622222222222191,0.0363083333333333,60.0,0.5000000000000002
8,LAC,120,fixed_75,0.9256736111111112,1.612725,-0.002305555555555531,0.0077180555555555605,90.0,0.2500000000000001
8,LAC,120,full_reference,0.9279791666666668,1.6050069444444446,0.0,0.0,120.0,0.0
8,LAC,240,CS_beta_9_1,0.9513388888888892,1.7942402777777777,0.025051388888888845,0.22066944444444442,166.86666666666667,0.3047222222222222
8,LAC,240,CS_uniform,0.9521375000000003,1.7995236111111113,0.02584999999999997,0.22595277777777772,178.46666666666667,0.2563888888888889
8,LAC,240,HG,0.9511097222222225,1.7877027777777779,0.02482222222222219,0.21413194444444442,159.23333333333332,0.33652777777777776
8,LAC,240,JRC,0.9499416666666669,1.7853388888888888,0.023654166666666625,0.2117680555555555,144.63333333333333,0.39736111111111116
8,LAC,240,fixed_25,0.9261541666666668,1.6540777777777778,-0.00013333333333330678,0.08050694444444444,60.0,0.7500000000000004
8,LAC,240,fixed_50,0.9264333333333336,1.6071291666666667,0.00014583333333335538,0.033558333333333315,120.0,0.5000000000000002
8,LAC,240,fixed_75,0.926176388888889,1.5843222222222222,-0.00011111111111111482,0.010751388888888887,180.0,0.2500000000000001
8,LAC,240,full_reference,0.9262875000000002,1.5735708333333336,0.0,0.0,240.0,0.0
9,APS,120,CS_beta_9_1,0.9573416666666668,3.4975708333333335,0.022208333333333278,0.1699597222222222,97.36666666666666,0.1886111111111111
9,APS,120,CS_uniform,0.9569319444444446,3.4880444444444447,0.021798611111111064,0.16043333333333332,102.03333333333333,0.14972222222222217
9,APS,120,HG,0.9581347222222224,3.506261111111111,0.023001388888888842,0.17864999999999995,91.43333333333334,0.23805555555555555
9,APS,120,JRC,0.9562166666666667,3.4994680555555555,0.021083333333333287,0.1718569444444444,82.0,0.3166666666666667
9,APS,120,fixed_25,0.9369666666666667,3.3807430555555555,0.00183333333333334,0.05313194444444443,30.0,0.7500000000000004
9,APS,120,fixed_50,0.9347611111111112,3.3368222222222217,-0.00037222222222220723,0.009211111111111081,60.0,0.5000000000000002
9,APS,120,fixed_75,0.9349875,3.3299680555555553,-0.00014583333333331334,0.0023569444444444675,90.0,0.2500000000000001
9,APS,120,full_reference,0.9351333333333333,3.327611111111111,0.0,0.0,120.0,0.0
9,APS,240,CS_beta_9_1,0.9628958333333334,3.54225138888889,0.0280333333333333,0.23611805555555554,161.96666666666667,0.32513888888888887
9,APS,240,CS_uniform,0.9643277777777778,3.5550152777777777,0.02946527777777774,0.24888194444444445,174.7,0.27208333333333334
9,APS,240,HG,0.9627152777777778,3.544093055555556,0.027852777777777733,0.23795972222222217,150.1,0.37458333333333343
9,APS,240,JRC,0.9609125,3.531026388888889,0.026049999999999955,0.22489305555555553,133.26666666666668,0.44472222222222235
9,APS,240,fixed_25,0.9368805555555556,3.3523944444444447,0.002018055555555553,0.04626111111111112,60.0,0.7500000000000004
9,APS,240,fixed_50,0.9354208333333334,3.3225847222222225,0.000558333333333324,0.01645138888888888,120.0,0.5000000000000002
9,APS,240,fixed_75,0.93455,3.3070458333333335,-0.00031249999999997344,0.0009124999999999998,180.0,0.2500000000000001
9,APS,240,full_reference,0.9348624999999999,3.3061333333333334,0.0,0.0,240.0,0.0
9,LAC,120,CS_beta_9_1,0.8972791666666667,1.6564152777777776,0.053899999999999955,0.17964861111111105,92.56666666666666,0.22861111111111107
9,LAC,120,CS_uniform,0.8942152777777779,1.6524652777777777,0.05083611111111107,0.1756986111111111,98.1,0.18249999999999997
9,LAC,120,HG,0.8993847222222223,1.664959722222222,0.056005555555555524,0.18819305555555552,87.26666666666667,0.27277777777777784
9,LAC,120,JRC,0.8950097222222222,1.651147222222222,0.05163055555555552,0.17438055555555554,76.66666666666667,0.36111111111111127
9,LAC,120,fixed_25,0.8539916666666668,1.6311444444444445,0.010612499999999988,0.15437777777777778,30.0,0.7500000000000004
9,LAC,120,fixed_50,0.8482680555555556,1.544423611111111,0.004888888888888867,0.06765694444444442,60.0,0.5000000000000002
9,LAC,120,fixed_75,0.8450722222222223,1.5123722222222222,0.0016930555555555334,0.03560555555555553,90.0,0.2500000000000001
9,LAC,120,full_reference,0.8433791666666667,1.4767666666666668,0.0,0.0,120.0,0.0
9,LAC,240,CS_beta_9_1,0.9050986111111111,1.6423569444444444,0.06241527777777775,0.21247916666666664,144.7,0.39708333333333345
9,LAC,240,CS_uniform,0.9096958333333334,1.6605930555555555,0.06701249999999995,0.23071527777777773,159.2,0.3366666666666667
9,LAC,240,HG,0.9052208333333334,1.6487680555555555,0.06253749999999997,0.21889027777777775,137.33333333333334,0.42777777777777787
9,LAC,240,JRC,0.9020263888888889,1.6386791666666667,0.0593430555555555,0.20880138888888886,121.43333333333334,0.4940277777777778
9,LAC,240,fixed_25,0.8463527777777778,1.518158333333333,0.0036694444444444335,0.08828055555555551,60.0,0.7500000000000004
9,LAC,240,fixed_50,0.842076388888889,1.4447444444444446,-0.0006069444444444333,0.014866666666666658,120.0,0.5000000000000002
9,LAC,240,fixed_75,0.842875,1.4415458333333333,0.0001916666666666801,0.011668055555555558,180.0,0.2500000000000001
9,LAC,240,full_reference,0.8426833333333335,1.4298777777777778,0.0,0.0,240.0,0.0
