dataset,score,policy,tolerance,bracket_failure,containment_failure,inflation_exceeded,actual_inflation,saving
dsads,APS,fixed_25,0.5,0.9520833333333334,0.3963541666666666,0.3536458333333334,0.28732113486842104,0.75
dsads,APS,fixed_50,0.5,0.921875,0.3971354166666667,0.22630208333333335,0.10375833790204679,0.5
dsads,APS,fixed_75,0.5,0.853125,0.36692708333333335,0.10260416666666666,0.03817102978801169,0.25
dsads,APS,full_reference,0.5,0.0,0.0,0.0,0.0,0.0
dsads,APS,horizon,0.1,0.017447916666666667,0.010677083333333335,0.005729166666666667,-0.0008183707967836259,0.0031467013888888877
dsads,APS,horizon,0.25,0.02421875,0.013541666666666667,0.00859375,0.012432839912280698,0.012174479166666662
dsads,APS,horizon,0.5,0.034375,0.017447916666666667,0.011197916666666667,0.08373503746345029,0.04607204861111109
dsads,APS,horizon,1.0,0.0375,0.01640625,0.010937500000000001,0.33026955409356723,0.1421440972222222
dsads,APS,hypergeom,0.1,0.001822916666666667,0.0,0.001822916666666667,0.0009698236476608185,0.0006293402777777774
dsads,APS,hypergeom,0.25,0.004947916666666667,0.001822916666666667,0.00234375,0.00913582785087719,0.00501302083333333
dsads,APS,hypergeom,0.5,0.008072916666666667,0.0026041666666666665,0.0031250000000000006,0.07100500274122806,0.028190104166666657
dsads,APS,hypergeom,1.0,0.010677083333333335,0.00390625,0.0033854166666666668,0.3234545184576023,0.10478877314814812
dsads,APS,martingale,0.1,0.0,0.0,0.0,2.901133040935672e-05,2.8935185185185156e-05
dsads,APS,martingale,0.25,0.0007812500000000002,0.0,0.0007812500000000002,0.004640784904970759,0.0017144097222222207
dsads,APS,martingale,0.5,0.0013020833333333333,0.0,0.0013020833333333333,0.04782803362573099,0.012167245370370365
dsads,APS,martingale,1.0,0.0020833333333333333,0.0005208333333333333,0.0015625000000000003,0.27449412920321636,0.05644531249999998
dsads,APS,midpoint,0.5,0.1640625,0.14713541666666666,0.0054687500000000005,0.006212993421052629,0.04607204861111109
dsads,APS,no_intersection,0.5,0.0026041666666666665,0.0026041666666666665,0.0,0.07441737481725146,0.031278935185185174
dsads,APS,one_look_50,0.5,0.018229166666666668,0.007291666666666668,0.8828125,1.8933149442616959,0.5
dsads,APS,sparse_checks,0.5,0.01979166666666667,0.008072916666666667,0.009114583333333334,0.030713176169590642,0.02119502314814815
dsads,APS,uncorrected,0.5,0.12578124999999998,0.059895833333333336,0.0375,0.10699367233187133,0.09903790509259258
dsads,LAC,fixed_25,0.5,0.9502604166666666,0.40260416666666665,0.3716145833333333,0.3615397706505848,0.75
dsads,LAC,fixed_50,0.5,0.90390625,0.40468750000000003,0.24036458333333333,0.12086896929824563,0.5
dsads,LAC,fixed_75,0.5,0.8385416666666666,0.3658854166666667,0.134375,0.04411686769005848,0.25
dsads,LAC,full_reference,0.5,0.0,0.0,0.0,0.0,0.0
dsads,LAC,horizon,0.1,0.013281250000000001,0.009114583333333334,0.004166666666666667,-0.0008825612207602342,0.0025752314814814804
dsads,LAC,horizon,0.25,0.022656250000000003,0.012499999999999999,0.009114583333333334,0.009595326206140347,0.010604745370370365
dsads,LAC,horizon,0.5,0.029687500000000002,0.015625,0.010416666666666666,0.07298942342836257,0.04191984953703703
dsads,LAC,horizon,1.0,0.035937500000000004,0.017447916666666667,0.009635416666666667,0.28471811038011696,0.12736545138888886
dsads,LAC,hypergeom,0.1,0.003645833333333334,0.0028645833333333336,0.0007812500000000002,4.157529239766082e-05,0.0008101851851851849
dsads,LAC,hypergeom,0.25,0.005208333333333333,0.0031250000000000006,0.0020833333333333333,0.0071330180921052614,0.004673032407407404
dsads,LAC,hypergeom,0.5,0.009114583333333334,0.00390625,0.00390625,0.0647147980628655,0.02706886574074073
dsads,LAC,hypergeom,1.0,0.013541666666666667,0.0046875,0.005989583333333334,0.27446637426900583,0.09301938657407405
dsads,LAC,martingale,0.1,0.00026041666666666666,0.0,0.00026041666666666666,0.0005057565789473685,6.510416666666667e-05
dsads,LAC,martingale,0.25,0.0015625000000000003,0.0005208333333333333,0.0010416666666666667,0.0036513157894736835,0.00134548611111111
dsads,LAC,martingale,0.5,0.0026041666666666665,0.0005208333333333333,0.0015625000000000003,0.04088233278508772,0.010995370370370364
dsads,LAC,martingale,1.0,0.0033854166666666668,0.0005208333333333333,0.0015625000000000003,0.2273150813230994,0.05041232638888887
dsads,LAC,midpoint,0.5,0.16171875,0.14765625000000002,0.0054687500000000005,-0.0006637198464912288,0.04191984953703703
dsads,LAC,no_intersection,0.5,0.0013020833333333333,0.0013020833333333333,0.0,0.06789667854532162,0.030280671296296285
dsads,LAC,one_look_50,0.5,0.023958333333333335,0.01171875,0.8921875,2.405087833516082,0.5
dsads,LAC,sparse_checks,0.5,0.020833333333333332,0.009375,0.007291666666666668,0.024372715643274853,0.02150607638888889
dsads,LAC,uncorrected,0.5,0.11223958333333334,0.06197916666666667,0.033854166666666664,0.08780439053362572,0.09035011574074071
har,APS,fixed_25,0.5,0.9429166666666667,0.41875,0.026041666666666668,0.021331799488328043,0.75
har,APS,fixed_50,0.5,0.9097916666666667,0.42083333333333334,0.0025000000000000005,0.007043796852727702,0.5
har,APS,fixed_75,0.5,0.8477083333333333,0.389375,0.0004166666666666667,0.0020423403454241495,0.25
har,APS,full_reference,0.5,0.0,0.0,0.0,0.0,0.0
har,APS,horizon,0.1,0.03208333333333333,0.017916666666666668,0.009166666666666667,0.024793684333737624,0.06926649305555553
har,APS,horizon,0.25,0.034375,0.017083333333333336,0.007916666666666667,0.09747783721096023,0.2645659722222222
har,APS,horizon,0.5,0.028333333333333335,0.012708333333333334,0.005625000000000001,0.22494347272456555,0.5045138888888888
har,APS,horizon,1.0,0.018333333333333333,0.008541666666666668,0.0010416666666666667,0.4406793170825479,0.7074175347222222
har,APS,hypergeom,0.1,0.007083333333333334,0.002916666666666667,0.0022916666666666667,0.024297141770701122,0.046710069444444426
har,APS,hypergeom,0.25,0.0077083333333333335,0.0022916666666666667,0.0025000000000000005,0.0997402847146833,0.20556857638888887
har,APS,hypergeom,0.5,0.0077083333333333335,0.0025000000000000005,0.0008333333333333334,0.23288769343627516,0.42870225694444447
har,APS,hypergeom,1.0,0.005625000000000001,0.0012500000000000002,0.00020833333333333335,0.4651962227574525,0.6405034722222223
har,APS,martingale,0.1,0.0022916666666666667,0.0006250000000000001,0.0010416666666666667,0.020779268856335787,0.02770833333333332
har,APS,martingale,0.25,0.0022916666666666667,0.0006250000000000001,0.0012500000000000002,0.0936041875641236,0.1430772569444444
har,APS,martingale,0.5,0.0020833333333333333,0.0006250000000000001,0.00020833333333333335,0.2346287494666311,0.34930989583333333
har,APS,martingale,1.0,0.0014583333333333334,0.0004166666666666667,0.00020833333333333335,0.4955876458442225,0.5854383680555556
har,APS,midpoint,0.5,0.640625,0.625,0.00020833333333333335,-0.04025064347621564,0.5045138888888888
har,APS,no_intersection,0.5,0.012708333333333334,0.005208333333333333,0.0027083333333333334,0.2256799049631281,0.4839236111111111
har,APS,one_look_50,0.5,0.026458333333333337,0.014166666666666668,0.11395833333333334,0.2500685991415755,0.5
har,APS,sparse_checks,0.5,0.03208333333333333,0.015416666666666667,0.004375,0.18355174892651913,0.4734635416666667
har,APS,uncorrected,0.5,0.08145833333333334,0.03666666666666667,0.016458333333333335,0.2142101677899423,0.5927343749999999
har,LAC,fixed_25,0.5,0.9589583333333334,0.4235416666666667,0.005625000000000001,0.01995842578559513,0.75
har,LAC,fixed_50,0.5,0.9264583333333333,0.4110416666666667,0.0004166666666666667,0.00669904525489648,0.5
har,LAC,fixed_75,0.5,0.865,0.3875,0.0,0.0028308317363425484,0.25
har,LAC,full_reference,0.5,0.0,0.0,0.0,0.0,0.0
har,LAC,horizon,0.1,0.029375000000000002,0.014791666666666668,0.008958333333333334,0.04031952495882759,0.27128038194444437
har,LAC,horizon,0.25,0.020833333333333332,0.007500000000000001,0.004375,0.11836196073511544,0.5661371527777778
har,LAC,horizon,0.5,0.013541666666666667,0.004583333333333333,0.0008333333333333334,0.2342481307131966,0.7162456597222222
har,LAC,horizon,1.0,0.010833333333333334,0.0027083333333333334,0.00020833333333333335,0.4032052140085519,0.7785112847222223
har,LAC,hypergeom,0.1,0.009791666666666667,0.004791666666666667,0.0025000000000000005,0.04041118112246316,0.21301649305555553
har,LAC,hypergeom,0.25,0.007500000000000001,0.0027083333333333334,0.0010416666666666667,0.12296733890179133,0.4904340277777778
har,LAC,hypergeom,0.5,0.004583333333333333,0.0012500000000000002,0.0004166666666666667,0.2502452088735808,0.6492708333333332
har,LAC,hypergeom,1.0,0.003541666666666667,0.0006250000000000001,0.0,0.4424674304699324,0.7200347222222222
har,LAC,martingale,0.1,0.0025000000000000005,0.0006250000000000001,0.0012500000000000002,0.03692157682051631,0.14619791666666662
har,LAC,martingale,0.25,0.0018750000000000001,0.00020833333333333335,0.0006250000000000001,0.12459777801127973,0.4064626736111111
har,LAC,martingale,0.5,0.0012500000000000002,0.0,0.00020833333333333335,0.26621601652137145,0.5897135416666667
har,LAC,martingale,1.0,0.0012500000000000002,0.0,0.0,0.4847767421888761,0.6819704861111112
har,LAC,midpoint,0.5,0.4839583333333334,0.475,0.0,-0.000915256945121947,0.7162456597222222
har,LAC,no_intersection,0.5,0.005833333333333334,0.004583333333333333,0.0,0.2312112449011403,0.71328125
har,LAC,one_look_50,0.5,0.028125,0.015416666666666667,0.030416666666666665,0.13195296246088198,0.5
har,LAC,sparse_checks,0.5,0.017083333333333336,0.00625,0.0006250000000000001,0.21832701511398156,0.7219574652777777
har,LAC,uncorrected,0.5,0.045625,0.015000000000000001,0.003125,0.21797788621532466,0.7598394097222222
mhealth,APS,fixed_25,0.5,0.9633333333333333,0.40895833333333337,0.17958333333333334,0.09480261288607053,0.75
mhealth,APS,fixed_50,0.5,0.9197916666666667,0.415625,0.07416666666666667,0.029777888823888224,0.5
mhealth,APS,fixed_75,0.5,0.8641666666666666,0.39416666666666667,0.022708333333333334,0.009703641583980798,0.25
mhealth,APS,full_reference,0.5,0.0,0.0,0.0,0.0,0.0
mhealth,APS,horizon,0.1,0.028125,0.017291666666666667,0.009583333333333334,0.00457945200067751,0.009722222222222215
mhealth,APS,horizon,0.25,0.03895833333333333,0.021875,0.010416666666666666,0.049262326786920795,0.051770833333333315
mhealth,APS,horizon,0.5,0.04375,0.022916666666666665,0.010000000000000002,0.17004339943742297,0.1619097222222222
mhealth,APS,horizon,1.0,0.035208333333333335,0.015416666666666667,0.008541666666666668,0.4182225804310255,0.3802951388888889
mhealth,APS,hypergeom,0.1,0.010833333333333334,0.005416666666666667,0.004375,0.0034254222513245337,0.004253472222222219
mhealth,APS,hypergeom,0.25,0.015000000000000001,0.007291666666666667,0.005208333333333333,0.04470040292002705,0.03381944444444443
mhealth,APS,hypergeom,0.5,0.017291666666666667,0.007291666666666667,0.004375,0.1729526738455887,0.1193923611111111
mhealth,APS,hypergeom,1.0,0.013333333333333334,0.004583333333333333,0.003958333333333334,0.42832570179406365,0.3068055555555555
mhealth,APS,martingale,0.1,0.0033333333333333335,0.0004166666666666667,0.002916666666666667,0.0015376497377505094,0.0014062499999999986
mhealth,APS,martingale,0.25,0.003541666666666667,0.0004166666666666667,0.0020833333333333333,0.03742027591393336,0.017812499999999988
mhealth,APS,martingale,0.5,0.003958333333333334,0.0006250000000000001,0.0025000000000000005,0.15754520124948124,0.07177083333333331
mhealth,APS,martingale,1.0,0.004375,0.0008333333333333334,0.0018750000000000001,0.425423674528624,0.22416666666666663
mhealth,APS,midpoint,0.5,0.3645833333333333,0.34375,0.003125,0.0022483656724670677,0.1619097222222222
mhealth,APS,no_intersection,0.5,0.005625000000000001,0.004583333333333333,0.0008333333333333334,0.16899761618993264,0.13654513888888886
mhealth,APS,one_look_50,0.5,0.03125,0.016666666666666666,0.5314583333333334,0.7452627544849536,0.5
mhealth,APS,sparse_checks,0.5,0.026041666666666668,0.012083333333333335,0.005625000000000001,0.046112642601383785,0.08234375
mhealth,APS,uncorrected,0.5,0.12520833333333334,0.059375,0.03625,0.16620039160657926,0.26437499999999997
mhealth,LAC,fixed_25,0.5,0.956875,0.39145833333333335,0.09166666666666666,0.10230331035159589,0.75
mhealth,LAC,fixed_50,0.5,0.9254166666666667,0.4170833333333333,0.033125,0.016767491412047583,0.5
mhealth,LAC,fixed_75,0.5,0.8627083333333334,0.3875,0.014791666666666667,0.0074924843192395365,0.25
mhealth,LAC,full_reference,0.5,0.0,0.0,0.0,0.0,0.0
mhealth,LAC,horizon,0.1,0.028125,0.017708333333333333,0.005208333333333333,0.020666200714764348,0.09593749999999998
mhealth,LAC,horizon,0.25,0.02854166666666667,0.016458333333333335,0.003125,0.08819668681329541,0.2780034722222222
mhealth,LAC,horizon,0.5,0.022083333333333333,0.011041666666666667,0.0027083333333333334,0.20615358703784328,0.4516840277777778
mhealth,LAC,horizon,1.0,0.018333333333333333,0.008541666666666668,0.0020833333333333333,0.440224281385121,0.6039583333333333
mhealth,LAC,hypergeom,0.1,0.005833333333333334,0.002916666666666667,0.0006250000000000001,0.02033981668707161,0.06670138888888887
mhealth,LAC,hypergeom,0.25,0.004166666666666667,0.0018750000000000001,0.00020833333333333335,0.09107345709530142,0.21963541666666667
mhealth,LAC,hypergeom,0.5,0.0037500000000000003,0.0012500000000000002,0.0004166666666666667,0.21473229281885184,0.3825347222222222
mhealth,LAC,hypergeom,1.0,0.0033333333333333335,0.0010416666666666667,0.0004166666666666667,0.4607780505605088,0.5323784722222222
mhealth,LAC,martingale,0.1,0.0012500000000000002,0.0004166666666666667,0.0006250000000000001,0.017671098208595738,0.03873263888888888
mhealth,LAC,martingale,0.25,0.0008333333333333334,0.0,0.0004166666666666667,0.08509400213186556,0.1596006944444444
mhealth,LAC,martingale,0.5,0.0008333333333333334,0.0,0.0004166666666666667,0.2129423813615115,0.30916666666666665
mhealth,LAC,martingale,1.0,0.0008333333333333334,0.0,0.0004166666666666667,0.4769547229204577,0.4656597222222222
mhealth,LAC,midpoint,0.5,0.5583333333333333,0.5472916666666666,0.00020833333333333335,-0.027124131438808693,0.4516840277777778
mhealth,LAC,no_intersection,0.5,0.007916666666666667,0.007083333333333334,0.00020833333333333335,0.20409897295107657,0.44060763888888893
mhealth,LAC,one_look_50,0.5,0.026458333333333337,0.016874999999999998,0.26916666666666667,0.52230711911838,0.5
mhealth,LAC,sparse_checks,0.5,0.022916666666666665,0.011041666666666667,0.0018750000000000001,0.14746859181419866,0.42078125
mhealth,LAC,uncorrected,0.5,0.07895833333333332,0.025833333333333333,0.019583333333333335,0.20339609409462692,0.5317881944444445
pamap2,APS,fixed_25,0.5,0.9507291666666667,0.42302083333333335,0.24083333333333332,0.0988022365074669,0.75
pamap2,APS,fixed_50,0.5,0.9163541666666667,0.41375,0.125,0.03255492967281778,0.5
pamap2,APS,fixed_75,0.5,0.8523958333333332,0.39125000000000004,0.052395833333333336,0.014719425585964601,0.25
pamap2,APS,full_reference,0.5,0.0,0.0,0.0,0.0,0.0
pamap2,APS,horizon,0.1,0.016874999999999998,0.010520833333333335,0.005208333333333333,0.0015328597697226549,0.010538194444444442
pamap2,APS,horizon,0.25,0.027812500000000004,0.016354166666666666,0.008437499999999999,0.02580334764081439,0.035017361111111096
pamap2,APS,horizon,0.5,0.0346875,0.019687500000000004,0.007395833333333334,0.12080798681157351,0.09865740740740739
pamap2,APS,horizon,1.0,0.034895833333333334,0.01875,0.00625,0.36996028305626766,0.24672743055555554
pamap2,APS,hypergeom,0.1,0.004166666666666667,0.0026041666666666665,0.0010416666666666667,0.0019526006800994345,0.00620659722222222
pamap2,APS,hypergeom,0.25,0.007395833333333334,0.003958333333333334,0.0023958333333333336,0.020734053086350283,0.021990740740740734
pamap2,APS,hypergeom,0.5,0.0096875,0.004583333333333333,0.0022916666666666667,0.11747491425302942,0.07154513888888886
pamap2,APS,hypergeom,1.0,0.011250000000000001,0.005520833333333333,0.0020833333333333333,0.3793170863492125,0.19185763888888888
pamap2,APS,martingale,0.1,0.0006250000000000001,0.00020833333333333335,0.0004166666666666667,0.0014920211121034897,0.003070023148148147
pamap2,APS,martingale,0.25,0.0010416666666666667,0.00020833333333333335,0.0005208333333333333,0.013676025441944743,0.01114293981481481
pamap2,APS,martingale,0.5,0.0017708333333333335,0.00031250000000000006,0.0009375000000000001,0.09156820330646338,0.03889178240740739
pamap2,APS,martingale,1.0,0.0017708333333333335,0.00031250000000000006,0.0005208333333333333,0.35322132806713985,0.12076099537037034
pamap2,APS,midpoint,0.5,0.2677083333333333,0.2527083333333333,0.003541666666666667,0.004112631394373565,0.09865740740740739
pamap2,APS,no_intersection,0.5,0.0021875,0.0011458333333333333,0.0006250000000000001,0.11968080444116352,0.07951099537037035
pamap2,APS,one_look_50,0.5,0.022812500000000003,0.011770833333333335,0.7309375,1.0684292957190389,0.5
pamap2,APS,sparse_checks,0.5,0.024895833333333336,0.010520833333333333,0.00625,0.05458421321696375,0.05903067129629629
pamap2,APS,uncorrected,0.5,0.11541666666666667,0.06447916666666667,0.025104166666666667,0.125091087840454,0.16758680555555555
pamap2,LAC,fixed_25,0.5,0.9533333333333334,0.4265625,0.22489583333333335,0.17639669212588155,0.75
pamap2,LAC,fixed_50,0.5,0.9225,0.4330208333333333,0.111875,0.04897763384945641,0.5
pamap2,LAC,fixed_75,0.5,0.8622916666666666,0.3955208333333333,0.04802083333333333,0.01543278219645106,0.25
pamap2,LAC,full_reference,0.5,0.0,0.0,0.0,0.0,0.0
pamap2,LAC,horizon,0.1,0.022708333333333334,0.016145833333333335,0.004375,0.0033296369766637243,0.011863425925925921
pamap2,LAC,horizon,0.25,0.0353125,0.022395833333333334,0.007291666666666667,0.04015053303399554,0.06117766203703702
pamap2,LAC,horizon,0.5,0.03635416666666667,0.0190625,0.0071875,0.15118744824543706,0.16195023148148147
pamap2,LAC,horizon,1.0,0.033749999999999995,0.015625,0.005520833333333334,0.4128468510562534,0.32409143518518513
pamap2,LAC,hypergeom,0.1,0.004895833333333334,0.0036458333333333334,0.0010416666666666667,0.0025297375404806717,0.004791666666666664
pamap2,LAC,hypergeom,0.25,0.008020833333333333,0.005416666666666667,0.0008333333333333334,0.03683233402355451,0.03987847222222221
pamap2,LAC,hypergeom,0.5,0.01,0.0059375,0.0016666666666666668,0.14889804804412404,0.12021990740740739
pamap2,LAC,hypergeom,1.0,0.009791666666666667,0.004895833333333334,0.0022916666666666667,0.4203805551580449,0.26146412037037037
pamap2,LAC,martingale,0.1,0.0,0.0,0.0,0.0012292941344163686,0.0013599537037037026
pamap2,LAC,martingale,0.25,0.0007291666666666667,0.00010416666666666667,0.0,0.02703355992056992,0.01797164351851851
pamap2,LAC,martingale,0.5,0.0012500000000000002,0.0004166666666666667,0.0004166666666666667,0.12817606309843357,0.06769386574074072
pamap2,LAC,martingale,1.0,0.0016666666666666668,0.0007291666666666667,0.0,0.40626276651025484,0.17524305555555555
pamap2,LAC,midpoint,0.5,0.34718750000000004,0.32989583333333333,0.001979166666666667,-0.01005196809169088,0.16195023148148147
pamap2,LAC,no_intersection,0.5,0.007604166666666667,0.006875000000000001,0.0004166666666666667,0.14706570814187422,0.141875
pamap2,LAC,one_look_50,0.5,0.022916666666666665,0.011250000000000001,0.6970833333333334,1.1955245060287552,0.5
pamap2,LAC,sparse_checks,0.5,0.027604166666666666,0.0121875,0.005000000000000001,0.08527569572133485,0.11550636574074073
pamap2,LAC,uncorrected,0.5,0.10895833333333332,0.05479166666666667,0.024687499999999998,0.15115698938622774,0.24045428240740738
realdisp,APS,fixed_25,0.5,0.9554166666666667,0.41991666666666666,0.34575,0.27458429460629075,0.75
realdisp,APS,fixed_50,0.5,0.9195833333333333,0.41241666666666665,0.21741666666666665,0.099988129519175,0.5
realdisp,APS,fixed_75,0.5,0.8640833333333334,0.3933333333333333,0.10608333333333334,0.03238696547869008,0.25
realdisp,APS,full_reference,0.5,0.0,0.0,0.0,0.0,0.0
realdisp,APS,horizon,0.1,0.016666666666666666,0.009333333333333334,0.006666666666666667,0.0023452866500741913,0.0029444444444444427
realdisp,APS,horizon,0.25,0.026583333333333334,0.014583333333333334,0.009416666666666667,0.021529472106114497,0.011284722222222212
realdisp,APS,horizon,0.5,0.034916666666666665,0.017666666666666667,0.011083333333333334,0.10616265333483847,0.04130787037037034
realdisp,APS,horizon,1.0,0.03833333333333333,0.018000000000000002,0.011333333333333334,0.3303797441484961,0.13222916666666665
realdisp,APS,hypergeom,0.1,0.001916666666666667,0.0011666666666666668,0.00075,0.000894511447315567,0.0005023148148148142
realdisp,APS,hypergeom,0.25,0.005166666666666667,0.0025,0.00175,0.013896768629475838,0.004542824074074067
realdisp,APS,hypergeom,0.5,0.008166666666666668,0.0035833333333333333,0.0025833333333333333,0.09684550862164092,0.024491898148148127
realdisp,APS,hypergeom,1.0,0.010083333333333335,0.004000000000000001,0.0025833333333333333,0.3315849455015467,0.0933321759259259
realdisp,APS,martingale,0.1,0.0003333333333333334,0.0001666666666666667,0.0001666666666666667,9.674498278308208e-05,8.680555555555544e-05
realdisp,APS,martingale,0.25,0.0005000000000000001,0.00025000000000000006,0.00025000000000000006,0.0056865003652588,0.0014583333333333308
realdisp,APS,martingale,0.5,0.0010833333333333333,0.0004166666666666667,0.0004166666666666667,0.07328807319550029,0.012104166666666652
realdisp,APS,martingale,1.0,0.00125,0.0004166666666666667,0.0005000000000000001,0.2964011432531431,0.05489120370370368
realdisp,APS,midpoint,0.5,0.18383333333333332,0.16658333333333333,0.005583333333333333,0.014739995665225129,0.04130787037037034
realdisp,APS,no_intersection,0.5,0.0011666666666666668,0.0010000000000000002,0.0001666666666666667,0.09998660806580989,0.0280497685185185
realdisp,APS,one_look_50,0.5,0.028416666666666666,0.014166666666666666,0.8560833333333333,1.9757115662725517,0.5
realdisp,APS,sparse_checks,0.5,0.015083333333333334,0.007916666666666667,0.004083333333333334,0.015539497969980004,0.013087962962962963
realdisp,APS,uncorrected,0.5,0.14791666666666667,0.07166666666666667,0.051833333333333335,0.11979820866686566,0.10650115740740738
realdisp,LAC,fixed_25,0.5,0.9555833333333333,0.43149999999999994,0.21291666666666667,0.3105093869855332,0.75
realdisp,LAC,fixed_50,0.5,0.9175,0.42791666666666667,0.10783333333333334,0.08845444846862635,0.5
realdisp,LAC,fixed_75,0.5,0.86275,0.3973333333333333,0.0505,0.03138655333066355,0.25
realdisp,LAC,full_reference,0.5,0.0,0.0,0.0,0.0,0.0
realdisp,LAC,horizon,0.1,0.027416666666666666,0.016666666666666666,0.00825,0.008010460178593273,0.014344907407407395
realdisp,LAC,horizon,0.25,0.036166666666666666,0.021750000000000002,0.008083333333333335,0.053849249697128794,0.06999305555555554
realdisp,LAC,horizon,0.5,0.03816666666666667,0.020833333333333332,0.008583333333333333,0.1643151127227492,0.18562268518518518
realdisp,LAC,horizon,1.0,0.033666666666666664,0.016083333333333335,0.007583333333333333,0.4226508658613066,0.36144560185185187
realdisp,LAC,hypergeom,0.1,0.004916666666666667,0.0032500000000000003,0.0010833333333333333,0.006408103361317794,0.006368055555555547
realdisp,LAC,hypergeom,0.25,0.007666666666666668,0.0045000000000000005,0.0011666666666666668,0.05335464633357202,0.04549305555555554
realdisp,LAC,hypergeom,0.5,0.01,0.005166666666666667,0.00175,0.1673037841769087,0.1377395833333333
realdisp,LAC,hypergeom,1.0,0.008833333333333334,0.0035,0.0015,0.43507137895427356,0.29193402777777777
realdisp,LAC,martingale,0.1,0.0008333333333333334,0.0004166666666666667,0.0001666666666666667,0.0035267016843347114,0.002332175925925922
realdisp,LAC,martingale,0.25,0.0016666666666666668,0.0006666666666666668,0.0005833333333333334,0.04434322988172906,0.024718749999999984
realdisp,LAC,martingale,0.5,0.0015,0.0005833333333333334,0.0003333333333333334,0.14964020194084338,0.08819675925925924
realdisp,LAC,martingale,1.0,0.0015,0.0004166666666666667,0.0004166666666666667,0.41585116750656964,0.21765393518518517
realdisp,LAC,midpoint,0.5,0.37525000000000003,0.35791666666666666,0.0027500000000000003,-0.011444723792982852,0.18562268518518518
realdisp,LAC,no_intersection,0.5,0.01,0.008833333333333334,0.00025000000000000006,0.16109813322860525,0.16336805555555556
realdisp,LAC,one_look_50,0.5,0.030500000000000003,0.0175,0.61675,1.6451158216480004,0.5
realdisp,LAC,sparse_checks,0.5,0.02875,0.017333333333333333,0.0035,0.07040353716873662,0.1311099537037037
realdisp,LAC,uncorrected,0.5,0.12791666666666668,0.06091666666666666,0.035250000000000004,0.1674702875649906,0.2833738425925926
uschad,APS,fixed_25,0.5,0.9529166666666667,0.41845238095238096,0.1701785714285714,0.07409057331619513,0.75
uschad,APS,fixed_50,0.5,0.9186904761904763,0.4136309523809524,0.07589285714285714,0.02579094887852724,0.5
uschad,APS,fixed_75,0.5,0.8551785714285715,0.38922619047619045,0.02982142857142857,0.010530270828400965,0.25
uschad,APS,full_reference,0.5,0.0,0.0,0.0,0.0,0.0
uschad,APS,horizon,0.1,0.027916666666666666,0.016964285714285713,0.008452380952380953,0.008335500320562713,0.025381944444444436
uschad,APS,horizon,0.25,0.035595238095238096,0.021130952380952382,0.008273809523809524,0.05332916571097647,0.08915674603174602
uschad,APS,horizon,0.5,0.037738095238095244,0.02119047619047619,0.007976190476190477,0.16231524913016637,0.20572420634920632
uschad,APS,horizon,1.0,0.03255952380952381,0.017083333333333332,0.005535714285714286,0.40076336680670527,0.3942757936507936
uschad,APS,hypergeom,0.1,0.006428571428571429,0.0036309523809523814,0.0025,0.007518055777224892,0.015188492063492057
uschad,APS,hypergeom,0.25,0.009642857142857142,0.005773809523809525,0.002142857142857143,0.051415574463211454,0.06317460317460315
uschad,APS,hypergeom,0.5,0.010416666666666666,0.005952380952380952,0.0019047619047619048,0.16478881558601274,0.1578571428571428
uschad,APS,hypergeom,1.0,0.009226190476190476,0.004464285714285714,0.0016666666666666668,0.4194645333584584,0.3260962301587301
uschad,APS,martingale,0.1,0.00029761904761904765,0.00011904761904761905,0.0001785714285714286,0.0059048394150098705,0.007991071428571422
uschad,APS,martingale,0.25,0.0009523809523809524,0.0004166666666666667,0.0003571428571428572,0.04396827995115071,0.038253968253968235
uschad,APS,martingale,0.5,0.0014285714285714288,0.0006547619047619048,0.0001785714285714286,0.15179368305588692,0.10652777777777776
uschad,APS,martingale,1.0,0.0015476190476190477,0.0007142857142857144,0.0004761904761904762,0.41236848249653213,0.2505853174603174
uschad,APS,midpoint,0.5,0.3911904761904762,0.3746428571428571,0.0018452380952380953,-0.009763446389181857,0.20572420634920632
uschad,APS,no_intersection,0.5,0.006428571428571429,0.004702380952380953,0.0004761904761904762,0.1621757217170008,0.1826140873015873
uschad,APS,one_look_50,0.5,0.028630952380952382,0.01744047619047619,0.504345238095238,0.706865376707224,0.5
uschad,APS,sparse_checks,0.5,0.026428571428571426,0.014404761904761906,0.004880952380952382,0.061513931281261584,0.14066964285714284
uschad,APS,uncorrected,0.5,0.12107142857142858,0.06119047619047619,0.03023809523809524,0.162739016297037,0.2984970238095238
uschad,LAC,fixed_25,0.5,0.9554761904761905,0.4225595238095238,0.15029761904761904,0.1219717298674971,0.75
uschad,LAC,fixed_50,0.5,0.9166666666666666,0.41422619047619047,0.060892857142857144,0.04155266476672584,0.5
uschad,LAC,fixed_75,0.5,0.8589285714285714,0.3983333333333334,0.022023809523809525,0.010153706830948944,0.25
uschad,LAC,full_reference,0.5,0.0,0.0,0.0,0.0,0.0
uschad,LAC,horizon,0.1,0.029940476190476194,0.01994047619047619,0.007261904761904763,0.00813287054115826,0.016840277777777767
uschad,LAC,horizon,0.25,0.037083333333333336,0.023154761904761904,0.008333333333333333,0.062173454459253784,0.08744543650793649
uschad,LAC,horizon,0.5,0.03595238095238095,0.02041666666666667,0.007202380952380953,0.18237064641702544,0.2366865079365079
uschad,LAC,horizon,1.0,0.027083333333333334,0.014226190476190477,0.004583333333333333,0.43396829629911843,0.44937499999999997
uschad,LAC,hypergeom,0.1,0.005595238095238096,0.0030952380952380953,0.0017857142857142857,0.006631387023937377,0.007827380952380945
uschad,LAC,hypergeom,0.25,0.008571428571428572,0.004226190476190476,0.0027380952380952383,0.06225381885965018,0.05906249999999998
uschad,LAC,hypergeom,0.5,0.009523809523809525,0.004523809523809524,0.002142857142857143,0.18697297825269324,0.17910714285714285
uschad,LAC,hypergeom,1.0,0.007023809523809524,0.002380952380952381,0.0017261904761904764,0.45458179807111765,0.3747668650793651
uschad,LAC,martingale,0.1,0.0008928571428571428,0.0001785714285714286,0.0007142857142857144,0.004223689079444512,0.0034275793650793604
uschad,LAC,martingale,0.25,0.0011904761904761906,0.0002380952380952381,0.0005952380952380953,0.05277769837672816,0.03263392857142856
uschad,LAC,martingale,0.5,0.0016071428571428573,0.0002380952380952381,0.0005357142857142857,0.17354602424336715,0.11739583333333331
uschad,LAC,martingale,1.0,0.001488095238095238,0.00011904761904761905,0.0006547619047619048,0.452054870017264,0.2914285714285714
uschad,LAC,midpoint,0.5,0.4795238095238095,0.46398809523809526,0.0013690476190476191,-0.02818819937980997,0.2366865079365079
uschad,LAC,no_intersection,0.5,0.008630952380952382,0.006666666666666667,0.0005952380952380953,0.1806647167993616,0.2109821428571428
uschad,LAC,one_look_50,0.5,0.03005952380952381,0.01732142857142857,0.4663690476190476,0.7736718692364981,0.5
uschad,LAC,sparse_checks,0.5,0.028511904761904763,0.01767857142857143,0.0035714285714285713,0.07979387766547025,0.16838789682539682
uschad,LAC,uncorrected,0.5,0.12321428571428572,0.06285714285714285,0.03023809523809524,0.17839768285133462,0.33706349206349207
wisdm,APS,fixed_25,0.5,0.956875,0.4141666666666667,0.2891666666666667,0.15448122985033624,0.75
wisdm,APS,fixed_50,0.5,0.9239583333333333,0.4214583333333334,0.16104166666666667,0.049885106070962366,0.5
wisdm,APS,fixed_75,0.5,0.8604166666666667,0.3925,0.07375,0.018990313654465536,0.25
wisdm,APS,full_reference,0.5,0.0,0.0,0.0,0.0,0.0
wisdm,APS,horizon,0.1,0.023125,0.015416666666666667,0.005833333333333334,0.0019575414670803207,0.005008680555555552
wisdm,APS,horizon,0.25,0.030000000000000002,0.018958333333333334,0.006875000000000001,0.03394352761625338,0.020412326388888877
wisdm,APS,horizon,0.5,0.035,0.021041666666666667,0.009791666666666667,0.1255775177012395,0.0676345486111111
wisdm,APS,horizon,1.0,0.03666666666666667,0.021458333333333336,0.007916666666666667,0.3574107924269633,0.19537760416666664
wisdm,APS,hypergeom,0.1,0.006458333333333333,0.0033333333333333335,0.0025000000000000005,0.0021047786064525673,0.0015060763888888875
wisdm,APS,hypergeom,0.25,0.009791666666666667,0.005000000000000001,0.003125,0.031059349193475822,0.010937499999999989
wisdm,APS,hypergeom,0.5,0.011041666666666668,0.005625000000000001,0.0027083333333333334,0.12259077418787379,0.04414496527777776
wisdm,APS,hypergeom,1.0,0.012916666666666667,0.007083333333333334,0.003125,0.366806308893774,0.14679253472222217
wisdm,APS,martingale,0.1,0.0016666666666666668,0.0004166666666666667,0.0012500000000000002,0.001222571667237618,0.0005164930555555551
wisdm,APS,martingale,0.25,0.0018750000000000001,0.0006250000000000001,0.0008333333333333334,0.022410623398370456,0.0055859374999999946
wisdm,APS,martingale,0.5,0.0022916666666666667,0.0008333333333333334,0.0012500000000000002,0.10975920762548316,0.02630208333333332
wisdm,APS,martingale,1.0,0.002916666666666667,0.0008333333333333334,0.0014583333333333334,0.33054580468065997,0.09397569444444441
wisdm,APS,midpoint,0.5,0.25854166666666667,0.24458333333333335,0.003541666666666667,0.0020176259584436243,0.0676345486111111
wisdm,APS,no_intersection,0.5,0.0008333333333333334,0.0008333333333333334,0.0,0.12436724182579975,0.04930121527777776
wisdm,APS,one_look_50,0.5,0.027708333333333335,0.015625,0.7635416666666667,1.2641190259278252,0.5
wisdm,APS,sparse_checks,0.5,0.017916666666666668,0.009375,0.005208333333333333,0.02196332553326168,0.026354166666666665
wisdm,APS,uncorrected,0.5,0.14791666666666667,0.075625,0.04520833333333333,0.1288356255500129,0.15382812499999998
wisdm,LAC,fixed_25,0.5,0.956875,0.41520833333333335,0.3020833333333333,0.16841890229183493,0.75
wisdm,LAC,fixed_50,0.5,0.9287500000000001,0.4252083333333333,0.17041666666666666,0.054365221865602484,0.5
wisdm,LAC,fixed_75,0.5,0.8627083333333334,0.40729166666666666,0.078125,0.018742829271072813,0.25
wisdm,LAC,full_reference,0.5,0.0,0.0,0.0,0.0,0.0
wisdm,LAC,horizon,0.1,0.019791666666666666,0.011875,0.006666666666666667,0.0013953460559249452,0.003936631944444441
wisdm,LAC,horizon,0.25,0.026875,0.015208333333333334,0.007916666666666667,0.03335023297367472,0.01878038194444443
wisdm,LAC,horizon,0.5,0.033125,0.02,0.0077083333333333335,0.12201156006152668,0.06589843749999998
wisdm,LAC,horizon,1.0,0.036041666666666666,0.02,0.0077083333333333335,0.36011224164855793,0.1923177083333333
wisdm,LAC,hypergeom,0.1,0.003541666666666667,0.0018750000000000001,0.0014583333333333334,0.0015393663217481504,0.0010677083333333322
wisdm,LAC,hypergeom,0.25,0.007291666666666667,0.004375,0.0020833333333333333,0.0294387237812223,0.010334201388888879
wisdm,LAC,hypergeom,0.5,0.009583333333333334,0.005625000000000001,0.0025000000000000005,0.11984390725522563,0.04359809027777776
wisdm,LAC,hypergeom,1.0,0.010416666666666666,0.00625,0.0020833333333333333,0.3652232324307236,0.14470920138888885
wisdm,LAC,martingale,0.1,0.00020833333333333335,0.0,0.00020833333333333335,0.0007262846242057232,0.00026475694444444414
wisdm,LAC,martingale,0.25,0.0008333333333333334,0.00020833333333333335,0.00020833333333333335,0.020747753722602617,0.004904513888888883
wisdm,LAC,martingale,0.5,0.0014583333333333334,0.0006250000000000001,0.0006250000000000001,0.1053813487018243,0.024930555555555543
wisdm,LAC,martingale,1.0,0.0014583333333333334,0.0006250000000000001,0.00020833333333333335,0.33387940343454486,0.09369791666666664
wisdm,LAC,midpoint,0.5,0.239375,0.22624999999999998,0.0025000000000000005,0.003894302276947707,0.06589843749999998
wisdm,LAC,no_intersection,0.5,0.0025000000000000005,0.0016666666666666668,0.00020833333333333335,0.12115227883649324,0.04871093749999998
wisdm,LAC,one_look_50,0.5,0.02666666666666667,0.015416666666666667,0.7733333333333333,1.328288536788648,0.5
wisdm,LAC,sparse_checks,0.5,0.013541666666666667,0.0077083333333333335,0.0033333333333333335,0.021244220688517047,0.024687499999999994
wisdm,LAC,uncorrected,0.5,0.15020833333333333,0.07520833333333334,0.050625,0.1327407197875518,0.1487456597222222
