dataset,score,policy,tolerance,coverage,set_size,shortfall,delta_coverage,delta_size,delta_shortfall,queried,saving
dsads,APS,fixed_25,0.5,0.8909357867324562,7.671701503106725,0.031916917945906405,0.004522683662280686,0.28732113486842104,0.0006301398026315665,67.5,0.7500000000000004
dsads,APS,fixed_50,0.5,0.8881976425438597,7.488138706140351,0.03152378015350875,0.0017845394736841983,0.10375833790204676,0.0002370020102339146,135.0,0.5000000000000002
dsads,APS,fixed_75,0.5,0.8872497487207602,7.422551398026315,0.031180327119883017,0.0008366456505847843,0.03817102978801168,-0.00010645102339181049,202.5,0.2500000000000001
dsads,APS,full_reference,0.5,0.8864131030701755,7.384380368238304,0.03128677814327483,0.0,0.0,0.0,270.0,0.0
dsads,APS,horizon,0.1,0.8864064784356726,7.383561997441521,0.03132024396929822,-6.6246345029251074e-06,-0.0008183707967836291,3.346582602339271e-05,269.015625,0.003146701388888858
dsads,APS,horizon,0.25,0.8867987024853802,7.3968132081505855,0.031104029605263133,0.0003855994152046585,0.012432839912280677,-0.0001827485380116822,266.1458333333333,0.012174479166666636
dsads,APS,horizon,0.5,0.8893378792032164,7.468115405701755,0.029359694809941498,0.0029247761330409012,0.08373503746345028,-0.001927083333333307,255.72916666666666,0.04607204861111106
dsads,APS,horizon,1.0,0.8973108552631578,7.714649922331872,0.024356496710526296,0.01089775219298241,0.33026955409356723,-0.006930281432748506,227.01041666666666,0.14214409722222218
dsads,APS,hypergeom,0.1,0.8864657574926901,7.385350191885965,0.031262906615497056,5.2654422514616455e-05,0.0009698236476608104,-2.387152777777438e-05,269.7864583333333,0.0006293402777777624
dsads,APS,hypergeom,0.25,0.886733826754386,7.393516196089181,0.031123560855263133,0.0003207236842105072,0.009135827850877168,-0.00016321728801168322,268.3854166666667,0.0050130208333333025
dsads,APS,hypergeom,0.5,0.888905793128655,7.455385370979532,0.02965780336257308,0.0024926900584794956,0.07100500274122803,-0.0016289747807017266,261.1458333333333,0.028190104166666632
dsads,APS,hypergeom,1.0,0.8971716237207602,7.707834886695906,0.02438744974415202,0.010758520650584746,0.3234545184576023,-0.006899328399122775,238.0,0.1047887731481481
dsads,APS,martingale,0.1,0.8864142452485381,7.384409379568713,0.03128677814327483,1.142178362573103e-06,2.9011330409356248e-05,0.0,269.9895833333333,2.8935185185183333e-05
dsads,APS,martingale,0.25,0.886558045504386,7.3890211531432755,0.031226128472222198,0.00014494243421051459,0.004640784904970744,-6.064967105262428e-05,269.4114583333333,0.001714409722222204
dsads,APS,martingale,0.5,0.8880549844663742,7.432208401864035,0.030301763523391794,0.0016418813961987992,0.047828033625730966,-0.0009850146198830188,265.921875,0.012167245370370334
dsads,APS,martingale,1.0,0.8955563550804094,7.65887449744152,0.025558982090643254,0.009143252010233874,0.27449412920321636,-0.005727796052631549,251.66666666666666,0.056445312499999976
dsads,APS,midpoint,0.5,0.886553591008772,7.390593361659357,0.031216648391812846,0.000140487938596485,0.006212993421052628,-7.012975146198477e-05,255.72916666666666,0.04607204861111106
dsads,APS,no_intersection,0.5,0.889030519005848,7.458797743055555,0.02954518457602337,0.0026174159356724762,0.07441737481725143,-0.0017415935672514392,260.0260416666667,0.03127893518518516
dsads,APS,one_look_50,0.5,0.9318820815058478,9.2776953125,0.01087273848684208,0.045468978435672464,1.8933149442616959,-0.020414039656432723,135.0,0.5000000000000002
dsads,APS,sparse_checks,0.5,0.8874351242690058,7.415093544407895,0.03071351882309939,0.0010220211988303848,0.030713176169590625,-0.0005732593201754238,263.0677083333333,0.021195023148148126
dsads,APS,uncorrected,0.5,0.8900720714546783,7.491374040570175,0.02894359923245612,0.00365896838450289,0.1069936723318713,-0.002343178910818692,238.21875,0.09903790509259254
dsads,LAC,fixed_25,0.5,0.8891112710160819,5.3766204084429825,0.04098581414473682,0.0021829312865496954,0.36153977065058474,0.0007289382309941429,67.5,0.7500000000000004
dsads,LAC,fixed_50,0.5,0.8876853755482457,5.135949607090644,0.04043448464912278,0.0007570358187134436,0.1208689692982456,0.00017760873538010872,135.0,0.5000000000000002
dsads,LAC,fixed_75,0.5,0.887066771747076,5.059197505482456,0.040421235380116945,0.0001384320175438449,0.04411686769005846,0.00016435946637426886,202.5,0.2500000000000001
dsads,LAC,full_reference,0.5,0.8869283397295322,5.015080637792398,0.04025687591374267,0.0,0.0,0.0,270.0,0.0
dsads,LAC,horizon,0.1,0.8869140624999999,5.014198076571637,0.040263843201754364,-1.4277229532164252e-05,-0.0008825612207602348,6.967288011697005e-06,269.25,0.0025752314814814522
dsads,LAC,horizon,0.25,0.887683319627193,5.024675963998538,0.03958047788742688,0.0007549798976608079,0.009595326206140333,-0.0006763980263157818,266.734375,0.010604745370370332
dsads,LAC,horizon,0.5,0.8905429915935673,5.08807006122076,0.03745465551900583,0.0036146518640350588,0.07298942342836254,-0.0028022203947368255,257.1666666666667,0.041919849537037
dsads,LAC,horizon,1.0,0.8974080546418128,5.299798748172515,0.0329440789473684,0.010479714912280657,0.2847181103801169,-0.00731279696637424,231.75520833333334,0.12736545138888883
dsads,LAC,hypergeom,0.1,0.8869171463815789,5.015122213084795,0.040265670687134485,-1.1193347953214897e-05,4.157529239765886e-05,8.794773391812275e-06,269.7604166666667,0.0008101851851851729
dsads,LAC,hypergeom,0.25,0.8875074241593568,5.022213655884503,0.03973718475877191,0.0005790844298245488,0.0071330180921052415,-0.0005196911549707508,268.5416666666667,0.004673032407407377
dsads,LAC,hypergeom,0.5,0.8904339135599416,5.079795435855263,0.03746150858918127,0.0035055738304093256,0.06471479806286547,-0.002795367324561386,261.6041666666667,0.027068865740740706
dsads,LAC,hypergeom,1.0,0.8974321546052632,5.289547012061404,0.03287680464181285,0.010503814875730945,0.27446637426900583,-0.007380071271929794,241.86458333333334,0.09301938657407403
dsads,LAC,martingale,0.1,0.8869335937499999,5.015586394371345,0.04025162189327484,5.254020467835417e-06,0.0005057565789473678,-5.254020467835417e-06,269.984375,6.510416666666667e-05
dsads,LAC,martingale,0.25,0.8872489491959065,5.018731953581871,0.039952828033625716,0.0003206094663742591,0.0036513157894736766,-0.0003040478801169505,269.5416666666667,0.0013454861111110948
dsads,LAC,martingale,0.5,0.889382995248538,5.055962970577485,0.03821820175438594,0.0024546555190058258,0.04088233278508769,-0.0020386741593567074,266.3125,0.010995370370370348
dsads,LAC,martingale,1.0,0.8963443439327485,5.242395719115497,0.03351962262426899,0.009416004203216333,0.2273150813230994,-0.00673725328947366,253.81770833333334,0.05041232638888885
dsads,LAC,midpoint,0.5,0.886283237390351,5.014416917945907,0.04093761421783624,-0.0006451023391812868,-0.0006637198464912324,0.0006807383040935657,257.1666666666667,0.041919849537037
dsads,LAC,no_intersection,0.5,0.8904512746710527,5.082977316337719,0.03749189053362571,0.0035229349415204364,0.0678966785453216,-0.0027649853801169372,260.4947916666667,0.03028067129629627
dsads,LAC,one_look_50,0.5,0.9289144736842107,7.42016847130848,0.016770033808479516,0.04198613395467831,2.405087833516082,-0.02348684210526313,135.0,0.5000000000000002
dsads,LAC,sparse_checks,0.5,0.8883823327850878,5.039453353435673,0.03903063322368419,0.0014539930555555415,0.02437271564327484,-0.001226242690058467,263.1927083333333,0.021506076388888868
dsads,LAC,uncorrected,0.5,0.8904180372807017,5.102885028326024,0.03769542671783623,0.0034896975511695635,0.0878043905336257,-0.002561449195906416,241.15104166666666,0.09035011574074069
har,APS,fixed_25,0.5,0.9010784441652522,2.422638909938966,0.03476060917106748,0.00047042022523255986,0.021336707329506172,0.0017440943232637771,112.5,0.7500000000000004
har,APS,fixed_50,0.5,0.9009223739621749,2.408327267510357,0.03352446441644781,0.0003143500221553705,0.007025064900896581,0.0005079495686441108,225.0,0.5000000000000002
har,APS,fixed_75,0.5,0.9006813171160073,2.403339487158732,0.03316547044758354,7.329317598773187e-05,0.002037284549272056,0.0001489555997798479,337.5,0.2500000000000001
har,APS,full_reference,0.5,0.9006080239400196,2.40130220260946,0.0330165148478037,0.0,0.0,0.0,450.0,0.0
har,APS,horizon,0.1,0.9052734599284556,2.426057594940016,0.030583329566972618,0.004665435988436047,0.02475539233055584,-0.0024331852808310585,403.925,0.06926649305555552
har,APS,horizon,0.25,0.9173962245078339,2.498720845041245,0.024552153500014814,0.016788200567814215,0.0974186424317848,-0.008464361347788857,295.0125,0.2645659722222222
har,APS,horizon,0.5,0.934939281085632,2.626312123938559,0.016791484164624507,0.03433125714561242,0.22500992132909883,-0.016225030683179167,178.775,0.5045138888888889
har,APS,horizon,1.0,0.9562877506073661,2.8423652178895535,0.009378342542141337,0.05567972666734644,0.44106301528009345,-0.023638172305662338,92.875,0.7074175347222222
har,APS,hypergeom,0.1,0.9052224931822181,2.4255517532576403,0.030578205624704688,0.00461446924219852,0.024249550648179966,-0.0024383092230989833,418.125,0.046710069444444405
har,APS,hypergeom,0.25,0.9178191780789713,2.500975399399844,0.024312596320572987,0.017211154138951634,0.0996731967903835,-0.00870391852723068,326.8833333333333,0.20556857638888887
har,APS,hypergeom,0.5,0.9362742328769019,2.634239108158762,0.01608811778718894,0.03566620893688229,0.2329369055493019,-0.016928397060614733,211.68333333333334,0.42870225694444447
har,APS,hypergeom,1.0,0.9589352975578492,2.8668914336535996,0.008351231928307673,0.05832727361782964,0.4655892310441394,-0.024665282919496004,115.575,0.6405034722222224
har,APS,martingale,0.1,0.9046048314789477,2.4220319879892482,0.030908246293549716,0.003996807538928103,0.020729785379788118,-0.0021082685542539617,428.9916666666667,0.027708333333333304
har,APS,martingale,0.25,0.9167350515440177,2.494846738697802,0.02494490795463622,0.016127027603998083,0.09354453608834185,-0.008071606893167455,355.37083333333334,0.1430772569444444
har,APS,martingale,0.5,0.9364640075785188,2.6359653975622286,0.016144555790039757,0.03585598363849921,0.23466319495276866,-0.016871959057763918,242.42916666666667,0.34930989583333333
har,APS,martingale,1.0,0.961808523052185,2.897330409515288,0.007405364809318123,0.06120049911216532,0.4960282069058279,-0.025611150038485558,132.09583333333333,0.5854383680555556
har,APS,midpoint,0.5,0.8919966875668408,2.3610433175598384,0.038326540576785646,-0.008611336373178714,-0.040258885049621496,0.005310025728981924,178.775,0.5045138888888889
har,APS,no_intersection,0.5,0.9349665154756468,2.627069741569747,0.016738767743297526,0.03435849153562728,0.2257675389602867,-0.01627774710450615,188.55833333333334,0.48392361111111115
har,APS,one_look_50,0.5,0.933905192676814,2.6516819667381486,0.017749103662710698,0.03329716873679437,0.2503797641286886,-0.015267411185092977,225.0,0.5000000000000002
har,APS,sparse_checks,0.5,0.929759188658841,2.5848142461955397,0.019224549191821615,0.029151164718821402,0.18351204358607984,-0.013791965655982057,189.75416666666666,0.4734635416666668
har,APS,uncorrected,0.5,0.9330119157043575,2.6155782340921117,0.01790227891323022,0.032403891764338014,0.21427603148265134,-0.015114235934573448,128.03333333333333,0.592734375
har,LAC,fixed_25,0.5,0.9048176637704687,1.0550608872163012,0.03705793898093023,0.00032770272348541353,0.01982860163938669,0.001078422929521657,112.5,0.7500000000000004
har,LAC,fixed_50,0.5,0.904988816950522,1.0418496784043512,0.03606787672268746,0.0004988559035388195,0.006617392827436762,8.836067127888392e-05,225.0,0.5000000000000002
har,LAC,fixed_75,0.5,0.9048171979475339,1.038040851405835,0.03601641721512129,0.0003272369005505619,0.002808565828920429,3.6901163712724934e-05,337.5,0.2500000000000001
har,LAC,full_reference,0.5,0.9044899610469833,1.0352322855769145,0.035979516051408575,0.0,0.0,0.0,450.0,0.0
har,LAC,horizon,0.1,0.9203410348930744,1.0756680511406227,0.02776657374795904,0.015851073846091163,0.04043576556370818,-0.008212942303449504,287.54583333333335,0.2712803819444444
har,LAC,horizon,0.25,0.9414846563600003,1.153935428353216,0.018054254481948275,0.03699469531301699,0.11870314277630158,-0.017925261569460275,148.89166666666668,0.5661371527777778
har,LAC,horizon,0.5,0.9585022070829745,1.2697485998845928,0.011572736824218771,0.05401224603599105,0.23451631430767847,-0.02440677922718978,87.8875,0.7162456597222222
har,LAC,horizon,1.0,0.9688238134591532,1.4384357781488424,0.007873376150711226,0.06433385241216975,0.40320349257192795,-0.028106139900697328,64.94166666666666,0.7785112847222223
har,LAC,hypergeom,0.1,0.920505930412865,1.0757480164363447,0.02765057953519408,0.01601596936588171,0.04051573085943009,-0.008328936516214467,319.675,0.2130164930555555
har,LAC,hypergeom,0.25,0.9430422244976963,1.1585602055666624,0.017291794663272624,0.03855226345071285,0.123327919989748,-0.018687721388135934,178.675,0.4904340277777778
har,LAC,hypergeom,0.5,0.961097055136362,1.2857588599965128,0.010580777379917928,0.05660709408937856,0.25052657441959847,-0.025398738671490628,109.86666666666666,0.6492708333333334
har,LAC,hypergeom,1.0,0.9720377301330354,1.477657542400132,0.006721953115389761,0.06754776908605192,0.44242525682321754,-0.029257562936018798,82.1625,0.7200347222222223
har,LAC,martingale,0.1,0.9191390273102382,1.0722375995131914,0.02835335182606266,0.014649066263254875,0.03700531393627696,-0.0076261642253458856,350.3333333333333,0.14619791666666662
har,LAC,martingale,0.25,0.9431404472753833,1.1602212303857757,0.017262681603482287,0.03865048622839988,0.12498894480886134,-0.018716834447926267,208.15,0.4064626736111111
har,LAC,martingale,0.5,0.9630608923388392,1.3016609365671987,0.00994826611166045,0.05857093129185577,0.26642865099028434,-0.02603124993974811,125.94583333333334,0.5897135416666667
har,LAC,martingale,1.0,0.9751734270853163,1.5199444270117368,0.005571912926890647,0.0706834660383328,0.4847121414348224,-0.03040760312451791,90.73333333333333,0.6819704861111112
har,LAC,midpoint,0.5,0.9066431929891845,1.0344541750578407,0.033184374136551696,0.0021532319422012457,-0.0007781105190738694,-0.002795141914856868,87.8875,0.7162456597222222
har,LAC,no_intersection,0.5,0.9582182230829097,1.2667163745956642,0.011681201223744452,0.053728262035926296,0.2314840890187499,-0.024298314827664102,89.15833333333333,0.71328125
har,LAC,one_look_50,0.5,0.9363434508363776,1.1672181824860826,0.02076940433622774,0.031853489789394264,0.13198589690916815,-0.015210111715180812,225.0,0.5000000000000002
har,LAC,sparse_checks,0.5,0.9564078662403419,1.253885119406932,0.012464766066207753,0.05191790519335857,0.21865283383001766,-0.023514749985200797,85.75833333333334,0.7219574652777778
har,LAC,uncorrected,0.5,0.9554651381012415,1.2534717739568924,0.012948342836583276,0.05097517705425804,0.2182394883799779,-0.023031173214825278,65.3875,0.7598394097222223
mhealth,APS,fixed_25,0.5,0.9024854987400661,4.490027309546978,0.03456608837573235,0.0006900676995107856,0.09487570291771098,0.0018220204898308184,82.5,0.7500000000000004
mhealth,APS,fixed_50,0.5,0.9022651700354273,4.42493441038579,0.03317101300849982,0.0004697389948719853,0.029782803756522848,0.000426945122598291,165.0,0.5000000000000002
mhealth,APS,fixed_75,0.5,0.9018022370505452,4.4048716832567925,0.03290162786295402,6.8060099899119464e-06,0.00972007662752591,0.00015755997705249982,247.5,0.2500000000000001
mhealth,APS,full_reference,0.5,0.9017954310405554,4.395151606629267,0.03274406788590152,0.0,0.0,0.0,330.0,0.0
mhealth,APS,horizon,0.1,0.9021606544746319,4.399732075866671,0.03251643274251999,0.0003652234340766762,0.004580469237404674,-0.0002276351433815304,326.05833333333334,0.009722222222222182
mhealth,APS,horizon,0.25,0.9045678476352446,4.444388684062504,0.030953599882619108,0.0027724165946892304,0.04923707743323737,-0.001790468003282401,308.6791666666667,0.05177083333333329
mhealth,APS,horizon,0.5,0.9113331045289993,4.565141635358774,0.0270203390937665,0.009537673488443926,0.1699900287295066,-0.005723728792135006,266.23333333333335,0.1619097222222222
mhealth,APS,horizon,1.0,0.924216821309237,4.813266076105626,0.019723871597965088,0.02242139026868161,0.41811446947635994,-0.013020196287936414,188.09583333333333,0.38029513888888894
mhealth,APS,hypergeom,0.1,0.9020389705030051,4.398576355393001,0.03261160933842381,0.00024353946244974622,0.0034247487637331514,-0.00013245854747771167,328.2375,0.004253472222222193
mhealth,APS,hypergeom,0.25,0.9043931540471346,4.439831047411678,0.031064709913003984,0.0025977230065793114,0.044679440782411026,-0.0016793579728975252,315.925,0.0338194444444444
mhealth,APS,hypergeom,0.5,0.9115505635338259,4.568048865666943,0.026878748519220386,0.009755132493270586,0.17289725903767558,-0.005865319366681118,282.8625,0.1193923611111111
mhealth,APS,hypergeom,1.0,0.9245897969850053,4.823367137250975,0.019505059280396055,0.022794365944449946,0.4282155306217083,-0.013239008605505448,213.2375,0.3068055555555556
mhealth,APS,martingale,0.1,0.9019029234773899,4.396690426884168,0.03268677274619505,0.0001074924368344896,0.0015388202549003413,-5.7295139706464163e-05,329.37916666666666,0.0014062499999999841
mhealth,APS,martingale,0.25,0.9039517653219572,4.432548306607542,0.03137082413233007,0.0021563342814018586,0.037396699978274155,-0.0013732437535714397,321.95,0.01781249999999997
mhealth,APS,martingale,0.5,0.9105482165953693,4.552633315801594,0.02756504620420817,0.008752785554813984,0.15748170917232665,-0.005179021681693339,299.50416666666666,0.0717708333333333
mhealth,APS,martingale,1.0,0.9241314265192775,4.820467867014775,0.01979295680463912,0.02233599547872209,0.4253162603855085,-0.01295111108126239,240.66666666666666,0.22416666666666668
mhealth,APS,midpoint,0.5,0.9018433507606182,4.397437226375647,0.032754057083489635,4.791972006285082e-05,0.002285619746380688,9.989197588109218e-06,266.23333333333335,0.1619097222222222
mhealth,APS,no_intersection,0.5,0.9112536440012807,4.564081074738619,0.027040388899909045,0.009458212960725262,0.16892946810935083,-0.005703678985992463,275.40833333333336,0.13654513888888886
mhealth,APS,one_look_50,0.5,0.9327049879008963,5.140405899034156,0.016896193499747657,0.030909556860340803,0.7452542924048885,-0.015847874386153846,165.0,0.5000000000000002
mhealth,APS,sparse_checks,0.5,0.9043866319540507,4.441227420217382,0.03135482902838475,0.0025912009134953394,0.046075813588114606,-0.0013892388575167654,296.48333333333335,0.08234374999999998
mhealth,APS,uncorrected,0.5,0.9110264259055538,4.561307905076901,0.027228227722010705,0.00923099486499837,0.16615629844763333,-0.005515840163890799,222.95833333333334,0.26437499999999997
mhealth,LAC,fixed_25,0.5,0.8917131521427073,1.5616382804091586,0.03637415563966047,0.0010539119380629446,0.10256583084867853,0.0022476813222014826,82.5,0.7500000000000004
mhealth,LAC,fixed_50,0.5,0.8894195600361668,1.4760304254706031,0.0362150448697321,-0.001239680168477541,0.016957975910122877,0.00208857055227311,165.0,0.5000000000000002
mhealth,LAC,fixed_75,0.5,0.8905851814074555,1.466626070338554,0.03466788171066049,-7.405879718899338e-05,0.007553620778074074,0.0005414073932015183,247.5,0.2500000000000001
mhealth,LAC,full_reference,0.5,0.8906592402046445,1.45907244956048,0.03412647431745898,0.0,0.0,0.0,330.0,0.0
mhealth,LAC,horizon,0.1,0.8961128683569375,1.4797490862703127,0.03070217681446932,0.005453628152293074,0.02067663670983253,-0.003424297502989643,292.7291666666667,0.09593749999999997
mhealth,LAC,horizon,0.25,0.9082007849877528,1.547257448772986,0.024065087661106356,0.017541544783108445,0.08818499921250576,-0.01006138665635261,226.2,0.2780034722222222
mhealth,LAC,horizon,0.5,0.9231385791932407,1.6650413810573723,0.015424430255984263,0.03247933898859627,0.20596893149689233,-0.018702044061474698,165.575,0.4516840277777778
mhealth,LAC,horizon,1.0,0.9402290796219089,1.898824644501809,0.008900292317679097,0.04956983941726444,0.43975219494132894,-0.02522618199977987,114.2875,0.6039583333333333
mhealth,LAC,hypergeom,0.1,0.8962121336942219,1.4794235304674006,0.030612755661854542,0.005552893489577508,0.02035108090692059,-0.0035137186556044196,304.1333333333333,0.06670138888888885
mhealth,LAC,hypergeom,0.25,0.9090845987241701,1.5501404919016781,0.023536351871093455,0.018425358519525648,0.09106804234119784,-0.010590122446365506,247.0,0.21963541666666667
mhealth,LAC,hypergeom,0.5,0.9245151117978151,1.6736126115004921,0.014575437568092257,0.033855871593170654,0.21454016194001196,-0.01955103674936671,188.27916666666667,0.38253472222222223
mhealth,LAC,hypergeom,1.0,0.9423727217947352,1.9193951980839914,0.007924848036377049,0.051713481590090725,0.46032274852351146,-0.02620162628108192,135.24583333333334,0.5323784722222223
mhealth,LAC,martingale,0.1,0.8956885929998808,1.4767608575722235,0.03102298941941768,0.005029352795236427,0.017688408011743303,-0.003103484898041288,313.7125,0.038732638888888865
mhealth,LAC,martingale,0.25,0.9085257882076839,1.5441802554220183,0.024057567262836196,0.017866548003039526,0.0851078058615382,-0.010068907054622765,266.84583333333336,0.1596006944444444
mhealth,LAC,martingale,0.5,0.9250521592356383,1.671851952782831,0.014468186021481208,0.03439291903099386,0.2127795032223508,-0.01965828829597776,211.2,0.3091666666666667
mhealth,LAC,martingale,1.0,0.9446834808945144,1.9355546510923167,0.007289823879989558,0.05402424068986987,0.4764822015318365,-0.02683665043746941,154.50833333333333,0.4656597222222223
mhealth,LAC,midpoint,0.5,0.883429886724476,1.4321058515673342,0.03917659196120955,-0.007229353480168472,-0.02696659799314601,0.00505011764375056,165.575,0.4516840277777778
mhealth,LAC,no_intersection,0.5,0.9228774198272677,1.6629909804538991,0.015531928746830676,0.032218179622623175,0.2039185308934189,-0.018594545570628288,169.53333333333333,0.44060763888888893
mhealth,LAC,one_look_50,0.5,0.9223833628053462,1.981088665711126,0.018217759944904096,0.03172412260070161,0.5220162161506458,-0.015908714372554863,165.0,0.5000000000000002
mhealth,LAC,sparse_checks,0.5,0.9185213216017922,1.6065260148135603,0.0182727539185225,0.02786208139714774,0.14745356525308004,-0.015853720398936462,176.67083333333332,0.4207812500000001
mhealth,LAC,uncorrected,0.5,0.9218546382825228,1.6623082762345902,0.01631864234387114,0.031195398077878318,0.20323582667410992,-0.01780783197358782,132.49166666666667,0.5317881944444445
pamap2,APS,fixed_25,0.5,0.8897934412765957,6.004173268653875,0.040613287632786675,-0.0008437316009606675,0.09879636687633321,0.002538324978326368,67.5,0.7500000000000004
pamap2,APS,fixed_50,0.5,0.8899446593508674,5.937995635310817,0.03918161467411665,-0.0006925135266889156,0.03261873353327645,0.0011066520196563476,135.0,0.5000000000000002
pamap2,APS,fixed_75,0.5,0.8907382237266274,5.920167714720166,0.038251790789388965,0.00010105084907111977,0.01479081294262464,0.0001768281349286638,202.5,0.2500000000000001
pamap2,APS,full_reference,0.5,0.8906371728775562,5.905376901777541,0.038074962654460295,0.0,0.0,0.0,270.0,0.0
pamap2,APS,horizon,0.1,0.8906665996380133,5.906911811869243,0.03809201170274003,2.9426760456991224e-05,0.0015349100917015819,1.7049048279734057e-05,266.80625000000003,0.010538194444444407
pamap2,APS,horizon,0.25,0.8919951623815524,5.931213198664774,0.037198172034911395,0.0013579895039961827,0.025836296887232085,-0.000876790619548886,259.2583333333333,0.035017361111111076
pamap2,APS,horizon,0.5,0.8969268948443592,6.026296466679217,0.03417873597522497,0.006289721966802886,0.12091956490167662,-0.003896226679235298,240.0875,0.09865740740740736
pamap2,APS,horizon,1.0,0.9079841046014256,6.2756893541209715,0.028284351425371737,0.017346931723869297,0.3703124523434303,-0.009790611229088529,197.32916666666665,0.24672743055555554
pamap2,APS,hypergeom,0.1,0.8907059855861837,5.907328633290702,0.03805009228902234,6.881270862749233e-05,0.0019517315131611758,-2.4870365437950744e-05,268.0708333333333,0.006206597222222198
pamap2,APS,hypergeom,0.25,0.8917763110454678,5.926113961037811,0.03729273602294098,0.0011391381679115833,0.02073705926027036,-0.0007822266315192942,263.21666666666664,0.021990740740740703
pamap2,APS,hypergeom,0.5,0.8968517447626239,6.022950608325292,0.03415903702396627,0.0062145718850676185,0.11757370654775108,-0.0039159256304940005,248.11666666666667,0.07154513888888885
pamap2,APS,hypergeom,1.0,0.9086006342341187,6.285050475875774,0.027872302354584596,0.017963461356562356,0.3796735740982331,-0.010202660299875668,212.8375,0.19185763888888885
pamap2,APS,martingale,0.1,0.8906936294232324,5.906865876006929,0.03805509295061869,5.645654567613023e-05,0.00148897422938776,-1.9869703841601977e-05,268.99375000000003,0.0030700231481481377
pamap2,APS,martingale,0.25,0.8913560555143837,5.919052096599814,0.037597350795726035,0.0007188826368273974,0.01367519482227357,-0.000477611858734243,266.3666666666667,0.011142939814814788
pamap2,APS,martingale,0.5,0.8956210170330102,5.99700420645566,0.03486509281955738,0.004983844155453922,0.09162730467811848,-0.00320986983490289,257.46458333333334,0.03889178240740738
pamap2,APS,martingale,1.0,0.9076230077910065,6.258871258831589,0.02845585173120585,0.01698583491345017,0.3534943570540474,-0.009619110923254414,232.39166666666665,0.12076099537037034
pamap2,APS,midpoint,0.5,0.890727381486048,5.9095132486957,0.038088985499161454,9.020860849177143e-05,0.0041363469181587694,1.4022844701159277e-05,240.0875,0.09865740740740736
pamap2,APS,no_intersection,0.5,0.8969718096000333,6.025166090629824,0.03405220789633486,0.0063346367224769865,0.11978918885228235,-0.004022754758125405,245.59583333333333,0.07951099537037033
pamap2,APS,one_look_50,0.5,0.9286934592698516,6.974269974186345,0.019314571967552024,0.038056286392295316,1.0688930724088037,-0.018760390686908247,135.0,0.5000000000000002
pamap2,APS,sparse_checks,0.5,0.8935272234808066,5.9600095292453,0.03620736887313118,0.002890050603250446,0.054632627467759265,-0.0018675937813290942,251.38125,0.05903067129629628
pamap2,APS,uncorrected,0.5,0.8968585206110639,6.030609796893725,0.03435101732026134,0.0062213477335075805,0.12523289511618482,-0.0037239453341989266,217.49791666666667,0.16758680555555552
pamap2,LAC,fixed_25,0.5,0.8731860768294645,3.109570959495453,0.061311760803918015,0.0018066896811681813,0.17618682477043937,0.0007315444728469102,67.5,0.7500000000000004
pamap2,LAC,fixed_50,0.5,0.8715363653569762,2.9821839556086194,0.0613446059153237,0.0001569782086799497,0.048799820883606154,0.0007643895842525876,135.0,0.5000000000000002
pamap2,LAC,fixed_75,0.5,0.8716142743594587,2.948767232719199,0.06071794991649245,0.00023488721116240983,0.015383097994186003,0.00013773358542134605,202.5,0.2500000000000001
pamap2,LAC,full_reference,0.5,0.8713793871482963,2.933384134725013,0.06058021633107111,0.0,0.0,0.0,270.0,0.0
pamap2,LAC,horizon,0.1,0.8719060040193699,2.936687186985259,0.06011887177518793,0.0005266168710736514,0.00330305226024578,-0.0004613445558831625,266.34791666666666,0.011863425925925888
pamap2,LAC,horizon,0.25,0.8754438152569866,2.9734220996616667,0.057596695832723144,0.004064428108690207,0.04003796493665341,-0.0029835204983479392,251.33333333333334,0.061177662037037
pamap2,LAC,horizon,0.5,0.8827371044604814,3.0843703594261473,0.053265490035977366,0.011357717312185113,0.15098622470113393,-0.0073147262950937104,221.79583333333335,0.16195023148148144
pamap2,LAC,horizon,1.0,0.8951260886248232,3.346060915451806,0.04654678987513058,0.023746701476526893,0.41267678072679237,-0.014033426455940504,175.38750000000002,0.3240914351851852
pamap2,LAC,hypergeom,0.1,0.8717980560830143,2.9359046387221213,0.06021054100642731,0.0004186689347179693,0.0025205039971081433,-0.0003696753246437826,268.52500000000003,0.004791666666666635
pamap2,LAC,hypergeom,0.25,0.8754286982303925,2.97011074334776,0.05753182104406418,0.004049311082096145,0.03672660862274636,-0.0030483952870069067,257.77708333333334,0.03987847222222218
pamap2,LAC,hypergeom,0.5,0.8829320487442444,3.0820331226216595,0.05305715564600331,0.011552661595947998,0.14864898789664616,-0.007523060685067771,233.69791666666666,0.12021990740740736
pamap2,LAC,hypergeom,1.0,0.8959997884173064,3.353512303375959,0.045955249268288444,0.024620401269010026,0.42012816865094543,-0.014624967062782634,192.24166666666667,0.26146412037037037
pamap2,LAC,martingale,0.1,0.8715868808920306,2.934612997961272,0.06038918085685629,0.00020749374373428542,0.0012288632362582486,-0.00019103547421481053,269.5416666666667,0.0013599537037036879
pamap2,LAC,martingale,0.25,0.8745236034720816,2.960333247835795,0.058150754372498926,0.0031442163237851623,0.026949113110781766,-0.002429461958572156,264.06666666666666,0.01797164351851849
pamap2,LAC,martingale,0.5,0.8817893112619669,3.0612833765315592,0.053784906571413195,0.010409924113670534,0.12789924180654602,-0.006795309759657885,248.31041666666667,0.06769386574074071
pamap2,LAC,martingale,1.0,0.8954369929813684,3.3391934693315286,0.04637396855271402,0.024057605833072055,0.4058093346065155,-0.01420624777835706,215.8375,0.17524305555555553
pamap2,LAC,midpoint,0.5,0.8694759034927498,2.9233490965731543,0.062345792760141315,-0.0019034836555465243,-0.010035038151859289,0.0017655764290701887,221.79583333333335,0.16195023148148144
pamap2,LAC,no_intersection,0.5,0.8825994065448395,3.080238140069831,0.05329224591212,0.011220019396543109,0.14685400534481766,-0.007287970418951084,227.5270833333333,0.14187499999999997
pamap2,LAC,one_look_50,0.5,0.9106476945391645,4.130497892135764,0.03885826712525268,0.03926830739086818,1.1971137574107502,-0.021721949205818398,135.0,0.5000000000000002
pamap2,LAC,sparse_checks,0.5,0.8787536282878955,3.0184610450353886,0.0555607204309431,0.007374241139599142,0.08507691031037544,-0.005019495900127977,235.15625,0.11550636574074073
pamap2,LAC,uncorrected,0.5,0.8821306664920755,3.084321935611074,0.05372127433505224,0.010751279343779103,0.15093780088606093,-0.006858941996018837,196.03125,0.24045428240740738
realdisp,APS,fixed_25,0.5,0.9021173130172119,8.786241579400922,0.026155227406718464,0.001966682644633081,0.27470474571943254,0.0018604032851331411,97.5,0.7500000000000004
realdisp,APS,fixed_50,0.5,0.9010306082105389,8.611489885494855,0.024929399237852385,0.0008799778379600785,0.09995305181336464,0.0006345751162670669,195.0,0.5000000000000002
realdisp,APS,fixed_75,0.5,0.9004097606244272,8.543900438922034,0.02455675655973086,0.00025913025184833065,0.03236360524054287,0.0002619324381455401,292.5,0.2500000000000001
realdisp,APS,full_reference,0.5,0.9001506303725789,8.511536833681491,0.024294824121585314,0.0,0.0,0.0,390.0,0.0
realdisp,APS,horizon,0.1,0.9001887643267183,8.5138790758885,0.02429126241325349,3.813395413944211e-05,0.0023422422070104544,-3.561708331821614e-06,388.4916666666667,0.002944444444444418
realdisp,APS,horizon,0.25,0.9008282799267491,8.533028911723905,0.023919271349803886,0.0006776495541701359,0.02149207804241536,-0.00037555277178142173,383.845,0.011284722222222186
realdisp,APS,horizon,0.5,0.9034397796793829,8.617525217503838,0.022485905772351353,0.0032891493068039693,0.10598838382234665,-0.0018089183492339407,367.66,0.04130787037037033
realdisp,APS,horizon,1.0,0.909805143433454,8.841330337349412,0.019265691846360716,0.009654513060875048,0.3297935036679206,-0.005029132275224573,322.34,0.13222916666666665
realdisp,APS,hypergeom,0.1,0.9001718350956357,8.512430904715107,0.024284853926886237,2.120472305683089e-05,0.0008940710336172255,-9.970194699076486e-06,389.72999999999996,0.000502314814814804
realdisp,APS,hypergeom,0.25,0.900642804939471,8.525407419368285,0.024000943508567425,0.0004921745668921269,0.013870585686794798,-0.0002938806130178796,387.3783333333334,0.0045428240740740455
realdisp,APS,hypergeom,0.5,0.9032762569719384,8.608223196341601,0.022521266355422967,0.003125626599359461,0.09668636266011117,-0.0017735577661623283,376.5766666666667,0.024491898148148106
realdisp,APS,hypergeom,1.0,0.9099327202605362,8.842535604858,0.019145647104656997,0.009782089887957203,0.33099877117650967,-0.005149177016928292,341.97833333333335,0.0933321759259259
realdisp,APS,martingale,0.1,0.9001536386993171,8.511634388696322,0.024292714582629805,3.0083267382293328e-06,9.755501483217154e-05,-2.1095389555103334e-06,389.9433333333333,8.680555555555366e-05
realdisp,APS,martingale,0.25,0.9003703670956892,8.517215521895514,0.02415951098862692,0.0002197367231103679,0.0056786882140231485,-0.00013531313295839033,389.08500000000004,0.001458333333333318
realdisp,APS,martingale,0.5,0.9025995066519042,8.584691944817855,0.02291592882302004,0.0024488762793253797,0.07315511113636572,-0.0013788952985652617,382.615,0.01210416666666664
realdisp,APS,martingale,1.0,0.9088763588439835,8.807402147416328,0.019715884491840727,0.008725728471404572,0.29586531373483793,-0.004578939629744565,358.7266666666667,0.05489120370370368
realdisp,APS,midpoint,0.5,0.9004927820213809,8.52624632447801,0.02417566455788546,0.0003421516488021078,0.01470949079651838,-0.0001191595636998509,367.66,0.04130787037037033
realdisp,APS,no_intersection,0.5,0.9033277362005114,8.611363731459114,0.022505535114523103,0.0031771058279325645,0.09982689777762328,-0.0017892890070621875,374.0,0.028049768518518484
realdisp,APS,one_look_50,0.5,0.9369408992431362,10.485177839620897,0.009806302045888156,0.036790268870557134,1.9736410059394058,-0.014488522075697133,195.0,0.5000000000000002
realdisp,APS,sparse_checks,0.5,0.9006790548389035,8.527050155274857,0.024010449915582013,0.0005284244663247219,0.01551332159336628,-0.0002843742060032974,381.86833333333334,0.013087962962962947
realdisp,APS,uncorrected,0.5,0.903607990737546,8.631139148302804,0.022497291246319984,0.003457360364967059,0.11960231462131482,-0.0017975328752653148,330.7966666666667,0.10650115740740736
realdisp,LAC,fixed_25,0.5,0.898567593605062,2.685836661967243,0.034026918094408075,0.000613741072878808,0.3087411705600858,0.0022530544229565556,97.5,0.7500000000000004
realdisp,LAC,fixed_50,0.5,0.8979324458628358,2.4649575629371436,0.03282034977088897,-2.1406669347393387e-05,0.08786207152998676,0.0010464860994374497,195.0,0.5000000000000002
realdisp,LAC,fixed_75,0.5,0.8981283072786962,2.4082417426505005,0.0319318335611177,0.00017445474651308038,0.031146251243343217,0.00015796988966618915,292.5,0.2500000000000001
realdisp,LAC,full_reference,0.5,0.8979538525321832,2.377095491407157,0.03177386367145151,0.0,0.0,0.0,390.0,0.0
realdisp,LAC,horizon,0.1,0.8987315650906014,2.385024360884443,0.03132539924348563,0.0007777125584182388,0.007928869477285513,-0.0004484644279658704,382.5033333333334,0.014344907407407367
realdisp,LAC,horizon,0.25,0.9024894871957885,2.430427986257378,0.02911823040638873,0.0045356346636051805,0.053332494850220964,-0.002655633265062764,354.1666666666667,0.06999305555555552
realdisp,LAC,horizon,0.5,0.9097009165163461,2.5399618427652673,0.025326706725872436,0.011747063984162816,0.16286635135810992,-0.006447156945579049,300.0,0.18562268518518515
realdisp,LAC,horizon,1.0,0.9220684993213796,2.7963234417553853,0.019533154374881595,0.024114646789196295,0.41922795034822813,-0.012240709296569898,223.04,0.36144560185185187
realdisp,LAC,hypergeom,0.1,0.8986722762095081,2.383435113737017,0.031348941660740606,0.0007184236773248715,0.006339622329859762,-0.00042492201071089614,386.46833333333336,0.0063680555555555305
realdisp,LAC,hypergeom,0.25,0.9026157170102161,2.4299371813284765,0.029036009024126782,0.004661864478032951,0.052841689921319504,-0.002737854647324709,366.44500000000005,0.04549305555555552
realdisp,LAC,hypergeom,0.5,0.9101686383984798,2.5429324034728484,0.02502278094599826,0.012214785866296686,0.16583691206569104,-0.006751082725453225,322.01666666666665,0.1377395833333333
realdisp,LAC,hypergeom,1.0,0.9230486060002188,2.808624480700097,0.018991535352947692,0.025094753468035504,0.43152898929293987,-0.012782328318503799,251.725,0.2919340277777778
realdisp,LAC,martingale,0.1,0.898378095899796,2.380589228566131,0.03152444053989836,0.0004242433676129239,0.0034937371589742294,-0.00024942313155314183,388.5833333333333,0.0023321759259259116
realdisp,LAC,martingale,0.25,0.9018550520425278,2.421023583187379,0.029492859800817263,0.003901199510344587,0.04392809178022212,-0.002281003870634234,375.7683333333334,0.024718749999999973
realdisp,LAC,martingale,0.5,0.9089556820661145,2.5254259212438033,0.025760357293543947,0.011001829533931336,0.14833042983664588,-0.006013506377907546,342.305,0.08819675925925924
realdisp,LAC,martingale,1.0,0.9219746841087126,2.789595736265573,0.019728965699003613,0.024020831576529417,0.4125002448584154,-0.01204489797244788,279.36833333333334,0.2176539351851852
realdisp,LAC,midpoint,0.5,0.8958796706554661,2.3657806960074246,0.03335419778697784,-0.0020741818767169265,-0.01131479539973234,0.0015803341155263169,300.0,0.18562268518518515
realdisp,LAC,no_intersection,0.5,0.9096018044258857,2.53675510510159,0.02531166529880372,0.011647951893702508,0.15965961369443282,-0.006462198372647771,310.14666666666665,0.16336805555555553
realdisp,LAC,one_look_50,0.5,0.9319638863509282,4.012595720587223,0.016715696434984443,0.03401003381874483,1.635500229180066,-0.015058167236467041,195.0,0.5000000000000002
realdisp,LAC,sparse_checks,0.5,0.9040101440128402,2.4468971743060615,0.028369535796130642,0.006056291480657065,0.06980168289890443,-0.0034043278753208483,323.19166666666666,0.13110995370370368
realdisp,LAC,uncorrected,0.5,0.9091162497247021,2.543090774320643,0.025762359934834528,0.0111623971925188,0.1659952829134859,-0.00601150373661696,248.1966666666667,0.2833738425925926
uschad,APS,fixed_25,0.5,0.8999026648172862,5.052172086493861,0.03356633531063683,0.0013654889179899484,0.07506528519104531,0.0010067393647147146,82.5,0.7500000000000004
uschad,APS,fixed_50,0.5,0.8991714345755424,5.0032296605424715,0.03286378171084618,0.0006342586762461893,0.026122859239656564,0.00030418576492407325,165.0,0.5000000000000002
uschad,APS,fixed_75,0.5,0.8988891981115491,4.987771823371646,0.03259921426083575,0.0003520222122527533,0.01066502206883033,3.961831491363958e-05,247.5,0.2500000000000001
uschad,APS,full_reference,0.5,0.8985371758992964,4.977106801302815,0.03255959594592211,0.0,0.0,0.0,330.0,0.0
uschad,APS,horizon,0.1,0.8994573291161423,4.985468431595306,0.032086164568733096,0.0009201532168459139,0.008361630292490287,-0.00047343137718900086,319.65,0.025381944444444405
uschad,APS,horizon,0.25,0.9035306818751982,5.030705109811233,0.029786035888519146,0.004993505975901969,0.0535983085084182,-0.0027735600574029444,294.7964285714286,0.08915674603174599
uschad,APS,horizon,0.5,0.9116346409399622,5.140118888369619,0.02553615958976713,0.013097465040665853,0.16301208706680337,-0.007023436356154951,251.24880952380954,0.20572420634920632
uschad,APS,horizon,1.0,0.925679891802107,5.379361985985084,0.01862386086955565,0.027142715902810557,0.40225518468226895,-0.013935735076366433,184.38333333333335,0.39427579365079374
uschad,APS,hypergeom,0.1,0.8994118542969902,4.984673582308398,0.032122247810815095,0.0008746783976937595,0.0075667810055826245,-0.0004373481351070021,323.74880952380954,0.015188492063492029
uschad,APS,hypergeom,0.25,0.9034908953924259,5.028749648085075,0.029809870751069598,0.004953719493129429,0.051642846782259506,-0.0027497251948524885,304.92857142857144,0.06317460317460313
uschad,APS,hypergeom,0.5,0.9121901491066383,5.142613926031087,0.025208071916210013,0.013652973207342066,0.16550712472827145,-0.007351524029712071,268.9154761904762,0.15785714285714283
uschad,APS,hypergeom,1.0,0.9271324476967993,5.398063281909306,0.01784668443733455,0.028595271797502923,0.4209564806064908,-0.014712911508587535,207.57261904761904,0.3260962301587301
uschad,APS,martingale,0.1,0.8992379589557147,4.9830487857537475,0.032212846290173416,0.0007007830564183416,0.00594198445093272,-0.0003467496557486814,326.45476190476194,0.007991071428571405
uschad,APS,martingale,0.25,0.9028846713629827,5.021272774194859,0.030177541990339545,0.004347495463686355,0.04416597289204373,-0.0023820539555825465,313.8416666666667,0.03825396825396822
uschad,APS,martingale,0.5,0.9111501335263247,5.129463432730319,0.025802293869132725,0.012612957627028284,0.15235663142750341,-0.006757302076789364,286.5440476190476,0.10652777777777775
uschad,APS,martingale,1.0,0.9270454017914553,5.390835119410435,0.018051386961828546,0.028508225892158984,0.41372831810762073,-0.014508208984093536,232.05714285714285,0.2505853174603175
uschad,APS,midpoint,0.5,0.8973707832617391,4.967528896710974,0.033254122801085625,-0.0011663926375571777,-0.009577904591841376,0.0006945268551635173,251.24880952380954,0.20572420634920632
uschad,APS,no_intersection,0.5,0.9118078174799021,5.139964571123941,0.02542219195743791,0.013270641580605804,0.16285776982112563,-0.007137403988484168,259.57976190476194,0.1826140873015873
uschad,APS,one_look_50,0.5,0.9323306821471394,5.688283135824243,0.016350630487089627,0.033793506247842976,0.7111763345214277,-0.01620896545883246,165.0,0.5000000000000002
uschad,APS,sparse_checks,0.5,0.9047179090508564,5.038849805095238,0.029316777916327415,0.006180733151560071,0.06174300379242303,-0.0032428180295946724,275.62857142857143,0.14066964285714287
uschad,APS,uncorrected,0.5,0.9112750397295828,5.140637250011208,0.025732647664110028,0.012737863830286387,0.16353044870839345,-0.006826948281812058,211.98809523809524,0.2984970238095238
uschad,LAC,fixed_25,0.5,0.9045810212049782,2.7126828929354887,0.03514986711811306,0.0009903535270190753,0.12243370664345327,0.0011422768369828908,82.5,0.7500000000000004
uschad,LAC,fixed_50,0.5,0.9041488812285232,2.631988166888837,0.0343228249657526,0.000558213550564028,0.04173898059680151,0.000315234684622432,165.0,0.5000000000000002
uschad,LAC,fixed_75,0.5,0.9035764776434767,2.6006880122605827,0.034190104569680003,-1.4190034482404553e-05,0.010438825968547125,0.00018251428854983132,247.5,0.2500000000000001
uschad,LAC,full_reference,0.5,0.9035906676779591,2.590249186292035,0.034007590281130165,0.0,0.0,0.0,330.0,0.0
uschad,LAC,horizon,0.1,0.9043275215635711,2.598300563098611,0.033579462967617615,0.0007368538856119128,0.008051376806575687,-0.00042812731351253737,323.0297619047619,0.016840277777777732
uschad,LAC,horizon,0.25,0.9090605005968367,2.6514607570627087,0.03098604662404242,0.005469832918877558,0.06121157077067334,-0.003021543657087723,294.8202380952381,0.08744543650793646
uschad,LAC,horizon,0.5,0.9180312470435775,2.769458283834792,0.02599479972168632,0.014440579365618392,0.17920909754275638,-0.00801279055944382,239.5690476190476,0.23668650793650794
uschad,LAC,horizon,1.0,0.9333809131768964,3.016403794460009,0.018024678683676063,0.029790245498937273,0.4261546081679731,-0.01598291159745408,165.36785714285713,0.449375
uschad,LAC,hypergeom,0.1,0.9042566568847461,2.596820580206009,0.03361732393178542,0.0006659892067869267,0.006571393913973584,-0.00039026634934473284,326.6142857142857,0.007827380952380917
uschad,LAC,hypergeom,0.25,0.9092076972961136,2.651509882104578,0.03090746441973355,0.005617029618154569,0.061260695812542544,-0.0031001258613965943,306.2392857142857,0.059062499999999955
uschad,LAC,hypergeom,0.5,0.9186396259672097,2.7739905312959046,0.025655243427584934,0.0150489582892505,0.18374134500386882,-0.008352346853545203,260.8404761904762,0.17910714285714283
uschad,LAC,hypergeom,1.0,0.9349389277984663,3.0366880718364166,0.0171530459339924,0.03134826012050716,0.4464388855443813,-0.01685454434713774,190.1095238095238,0.37476686507936513
uschad,LAC,martingale,0.1,0.9040194834877282,2.594443200930974,0.03375064950374639,0.0004288158097691819,0.004194014638938616,-0.0002569407773837618,328.39642857142854,0.003427579365079342
uschad,LAC,martingale,0.25,0.9084086240785867,2.642193745055761,0.03134961599355158,0.004817956400627415,0.051944558763725224,-0.0026579742875785725,315.6404761904762,0.032633928571428536
uschad,LAC,martingale,0.5,0.9176071114103573,2.760857252965746,0.026296257691322027,0.01401644373239824,0.17060806667371023,-0.007711332589808113,281.6309523809524,0.11739583333333331
uschad,LAC,martingale,1.0,0.9346161732092314,3.0342926288716763,0.01752288100597849,0.031025505531272306,0.44404344257964096,-0.016484709275151655,216.37976190476192,0.2914285714285714
uschad,LAC,midpoint,0.5,0.9004035552455614,2.562493697067772,0.036079036901859034,-0.0031871124323978105,-0.027755489224263335,0.0020714466207288505,239.5690476190476,0.23668650793650794
uschad,LAC,no_intersection,0.5,0.9180082747881144,2.767780790631379,0.026019105719777492,0.014417607110155203,0.17753160433934354,-0.007988484561352647,248.94880952380953,0.21098214285714287
uschad,LAC,one_look_50,0.5,0.9383042365165052,3.3557408870852288,0.016860874430732916,0.03471356883854599,0.7654917007931933,-0.017146715850397225,165.0,0.5000000000000002
uschad,LAC,sparse_checks,0.5,0.9107548212309103,2.668834058472517,0.030028559344835476,0.007164153552951174,0.07858487218048135,-0.003979030936294671,264.6119047619048,0.16838789682539682
uschad,LAC,uncorrected,0.5,0.9173093779161648,2.765658201570026,0.02646869938458155,0.013718710238205655,0.1754090152779908,-0.00753889089654859,197.14166666666668,0.33706349206349207
wisdm,APS,fixed_25,0.5,0.8990376671082098,9.946769135336835,0.029966083223402502,0.0019312192255198563,0.15366964728511198,0.0013071461050976206,112.5,0.7500000000000004
wisdm,APS,fixed_50,0.5,0.8977214329736058,9.842764666409156,0.02915022875650396,0.0006149850909158445,0.04966517835743381,0.000491291638199081,225.0,0.5000000000000002
wisdm,APS,fixed_75,0.5,0.8974132649938302,9.81216876511545,0.028827967460977055,0.00030681711114025333,0.019069277063726513,0.00016903034267217975,337.5,0.2500000000000001
wisdm,APS,full_reference,0.5,0.8971064478826899,9.793099488051723,0.02865893711830487,0.0,0.0,0.0,450.0,0.0
wisdm,APS,horizon,0.1,0.8971815425561108,9.79506851388646,0.028625178974098477,7.50946734207634e-05,0.001969025834737442,-3.375814420639166e-05,446.546568627451,0.005013446350762499
wisdm,APS,horizon,0.25,0.8983440629973019,9.826984690159556,0.0279521323640279,0.001237615114611919,0.03388520210783232,-0.000706804754276962,435.52369281045753,0.02043632557189538
wisdm,APS,horizon,0.5,0.9016105143173028,9.918538732550937,0.02615799812526787,0.0045040664346127,0.12543924449921565,-0.002500938993036977,404.3541666666667,0.06776024645969494
wisdm,APS,horizon,1.0,0.9094368023946154,10.149997402399173,0.022294895025679422,0.012330354511925561,0.35689791434745044,-0.006364042092625424,327.44893790849676,0.19555249183006534
wisdm,APS,hypergeom,0.1,0.8971863200459264,9.795211633592176,0.028615093940202924,7.987216323638927e-05,0.0021121455404537704,-4.384317810194642e-05,448.80882352941177,0.0015050551470588045
wisdm,APS,hypergeom,0.25,0.8982913966405706,9.82410266040427,0.027959000818979805,0.001184948757880576,0.03100317235254714,-0.0006999362993250542,441.6817810457516,0.010953669662309333
wisdm,APS,hypergeom,0.5,0.9015422277285282,9.915532284861586,0.02616462960232955,0.004435779845838205,0.12243279680986235,-0.002494307515975297,419.31331699346407,0.04420955882352936
wisdm,APS,hypergeom,1.0,0.9098387590817276,10.159454538417652,0.022043406738416243,0.012732311199037548,0.3663550503659295,-0.0066155303798885986,356.53839869281046,0.14696776279956425
wisdm,APS,martingale,0.1,0.897146707865329,9.794311579057622,0.028639767174452824,4.0259982639021864e-05,0.0012120910058988042,-1.91699438520465e-05,449.5375816993464,0.0005127485021786429
wisdm,APS,martingale,0.25,0.8979921172388501,9.815451246477561,0.028125600859472757,0.000885669356160104,0.022351758425837937,-0.0005333362588321036,445.2977941176471,0.005589171432461853
wisdm,APS,martingale,0.5,0.9010599620159684,9.90266809090578,0.026438409654083304,0.00395351413327846,0.1095686028540564,-0.0022205274642215496,429.64746732026146,0.0263505923202614
wisdm,APS,martingale,1.0,0.9085787965530094,10.12324315887389,0.022727657485106505,0.01147234867031949,0.33014367082216806,-0.005931279633198344,383.1936274509804,0.09410403050108929
wisdm,APS,midpoint,0.5,0.8970951935196868,9.795055039216004,0.02871623840818953,-1.1254363003089643e-05,0.00195555116428221,5.73012898846546e-05,404.3541666666667,0.06776024645969494
wisdm,APS,no_intersection,0.5,0.9015879569131984,9.917332912767005,0.026129110474186486,0.004481509030508412,0.12423342471528312,-0.002529826644118361,414.88643790849676,0.04940810525599124
wisdm,APS,one_look_50,0.5,0.931360351546598,11.053901445743458,0.013362399170609605,0.03425390366390795,1.2608019576917355,-0.01529653794769524,225.0,0.5000000000000002
wisdm,APS,sparse_checks,0.5,0.8980145926572973,9.815096886968318,0.028158777826784148,0.0009081447746072679,0.021997398916595634,-0.000500159291520718,428.80473856209153,0.026460375816993432
wisdm,APS,uncorrected,0.5,0.901614773547378,9.921812538102245,0.026265058337299432,0.004508325664687828,0.12871305005052053,-0.0023938787810054186,343.3782679738562,0.15397007761437903
wisdm,LAC,fixed_25,0.5,0.900708349714585,9.162597160065308,0.0326036222074781,0.0015294149959883744,0.16684738698530555,0.0009696954959360462,112.5,0.7500000000000004
wisdm,LAC,fixed_50,0.5,0.8996423363943857,9.049622281846734,0.03201225925309927,0.0004634016757892541,0.05387250876673102,0.00037833254155721183,225.0,0.5000000000000002
wisdm,LAC,fixed_75,0.5,0.8993839003208086,9.014479221506207,0.03178430568814273,0.00020496560221200874,0.018729448426204595,0.0001503789766006677,337.5,0.2500000000000001
wisdm,LAC,full_reference,0.5,0.8991789347185966,8.995749773080002,0.03163392671154205,0.0,0.0,0.0,450.0,0.0
wisdm,LAC,horizon,0.1,0.8992363719614688,8.997164659955528,0.03160221014698549,5.743724287226327e-05,0.0014148868755266475,-3.171656455656018e-05,447.3178104575163,0.003936887254901933
wisdm,LAC,horizon,0.25,0.900320737516633,9.029148194227487,0.030999359343008064,0.0011418027980362984,0.03339842114748319,-0.0006345673685339762,436.8374183006536,0.018775105528322403
wisdm,LAC,horizon,0.5,0.9032268989849416,9.117800910825121,0.029379846295112526,0.004047964266345006,0.12205113774511882,-0.0022540804164295058,406.1470588235294,0.06585648148148143
wisdm,LAC,horizon,1.0,0.9107931474781291,9.35566585887074,0.02541870953365712,0.011614212759532495,0.3599160857907377,-0.006215217177884908,331.73080065359477,0.1923530262799564
wisdm,LAC,hypergeom,0.1,0.8992344378506439,8.997298436913526,0.03160668796992555,5.5503132047369045e-05,0.0015486638335235224,-2.7238741616496315e-05,449.1977124183006,0.0010688997821350621
wisdm,LAC,hypergeom,0.25,0.900214758780413,9.02520838088802,0.031045192799627076,0.0010358240618164388,0.029458607808016648,-0.0005887339119149643,442.3169934640523,0.010320925245098006
wisdm,LAC,hypergeom,0.5,0.9032007203883398,9.115602780139705,0.029375801919277838,0.004021785669743092,0.11985300705970231,-0.002258124792264189,420.32066993464053,0.04354915577342043
wisdm,LAC,hypergeom,1.0,0.9109857111830215,9.36080099800278,0.02528769821013529,0.011806776464424861,0.3650512249227778,-0.006346228501406736,359.3537581699346,0.14470741421568625
wisdm,LAC,martingale,0.1,0.8992036750208782,8.996472897427997,0.0316213739186505,2.4740302281585193e-05,0.0007231243479945497,-1.2552792891553908e-05,449.77287581699346,0.0002629697712418256
wisdm,LAC,martingale,0.25,0.8999179529691782,9.016496955196661,0.031226478969065514,0.0007390182505816181,0.020747182116658377,-0.0004074477424765306,446.0044934640523,0.004896003540304991
wisdm,LAC,martingale,0.5,0.9026842872613695,9.101148810050013,0.029677068188421984,0.0035053525427728555,0.10539903697001124,-0.00195685852312005,431.0093954248366,0.024898726851851814
wisdm,LAC,martingale,1.0,0.9099156052426142,9.32946562685933,0.02592014686102582,0.01073667052401756,0.3337158537793262,-0.00571377985051621,385.015114379085,0.09365298202614376
wisdm,LAC,midpoint,0.5,0.8992912458545589,8.999735612882738,0.03159009512416182,0.00011231113596225894,0.003985839802735384,-4.38315873802351e-05,406.1470588235294,0.06585648148148143
wisdm,LAC,no_intersection,0.5,0.9032093244668812,9.116927715167078,0.0293752190753595,0.00403038974828456,0.1211779420870755,-0.0022587076361825307,415.8488562091503,0.04866004561546837
wisdm,LAC,one_look_50,0.5,0.932715981783936,10.322138710414785,0.015758913284615816,0.033537047065339304,1.326388937334783,-0.01587501342692621,225.0,0.5000000000000002
wisdm,LAC,sparse_checks,0.5,0.8999337785330764,9.016916669782985,0.03124288353469384,0.0007548438144799033,0.02116689670298272,-0.0003910431768482025,430.01307189542484,0.024639161220043542
wisdm,LAC,uncorrected,0.5,0.9035078822660763,9.128344054129313,0.02929418941593632,0.004328947547479576,0.13259428104930987,-0.0023397372956057132,347.6343954248366,0.14875961669389973
