dataset,score,control,metric,mean,lower,upper,subjects
dsads,APS,full_reference,saving,0.47715893356615696,0.4494231040208514,0.5035068107237073,8
dsads,APS,full_reference,coverage,-0.0073347718181523,-0.012716177449304715,-0.001758789850330738,8
dsads,APS,full_reference,shortfall,0.009396714222039875,0.004484611237647571,0.014150622161147831,8
dsads,APS,full_reference,size_fraction,0.0028510254695718745,-0.002069228228160199,0.008837769661906754,8
dsads,APS,deterministic,saving,0.28085997728313183,0.2549610753672434,0.30320532936705846,8
dsads,APS,deterministic,coverage,-0.007680889934624027,-0.01224579408867095,-0.003317329549037115,8
dsads,APS,deterministic,shortfall,0.009485575698648066,0.005206597017581156,0.013773520300717752,8
dsads,APS,deterministic,size_fraction,0.0016449246941730236,-0.001725350548789817,0.005984215968428672,8
dsads,APS,two_plan,saving,0.14127333070924192,0.12981194176725103,0.15274258552097772,8
dsads,APS,two_plan,coverage,-0.0029968996313865237,-0.00445019907155818,-0.0018204861737578563,8
dsads,APS,two_plan,shortfall,0.003906294716602732,0.002383909532010993,0.005336661770786597,8
dsads,APS,two_plan,size_fraction,0.0022305883971762766,0.0005621585309323439,0.004177208987952438,8
dsads,APS,restricted_b4,saving,0.100348140492289,0.08114612395812322,0.11826022215557196,8
dsads,APS,restricted_b4,coverage,-0.003386084499590117,-0.007178274983322995,0.000444173393838952,8
dsads,APS,restricted_b4,shortfall,0.003717401177632044,0.0001358945853834863,0.007219489406870485,8
dsads,APS,restricted_b4,size_fraction,-0.0010924156561014642,-0.00411992498639365,0.002688962769074635,8
dsads,APS,restricted_b8,saving,0.22167607592866742,0.19418142954210488,0.2507067572177927,8
dsads,APS,restricted_b8,coverage,-0.009565379876805655,-0.012643061381354272,-0.0064561323320762865,8
dsads,APS,restricted_b8,shortfall,0.00997635738199465,0.006934428960571762,0.013065779188310455,8
dsads,APS,restricted_b8,size_fraction,-0.0035846848616797947,-0.0059787301354618455,-0.0008511266120464403,8
dsads,APS,fixed_50,saving,0.0023798643647045606,-0.024717809818578424,0.029954655101152097,8
dsads,APS,fixed_50,coverage,0.00711641147863136,0.0029911873479775645,0.011167003419361296,8
dsads,APS,fixed_50,shortfall,-0.005740394772233997,-0.009173675677064716,-0.0023687007928151716,8
dsads,APS,fixed_50,size_fraction,0.008295138982864408,0.004139860725292907,0.013660257963010123,8
dsads,APS,variance_save,saving,0.09948306616445922,0.07374752440736472,0.1289684616636158,8
dsads,APS,variance_save,coverage,-0.01087502028001873,-0.013316679085994638,-0.00857568414556728,8
dsads,APS,variance_save,shortfall,0.012701483578155863,0.00954228056640655,0.015908833672600414,8
dsads,APS,variance_save,size_fraction,0.0005202567274268655,-0.002786857495155453,0.004485853145473757,8
dsads,APS,matched_b4,saving,-0.003955805724123726,-0.004315100491966033,-0.003631786998737945,8
dsads,APS,matched_b4,coverage,-0.00161791212334228,-0.007149280544605107,0.004805581469343401,8
dsads,APS,matched_b4,shortfall,0.00139885771010031,-0.0034616284950482867,0.006088528656739502,8
dsads,APS,matched_b4,size_fraction,-0.0019185089865428537,-0.008210136005266351,0.006225196767107765,8
dsads,APS,matched_b8,saving,-0.004850151695797535,-0.005841958933713173,-0.0038916305360906403,8
dsads,APS,matched_b8,coverage,-0.014911964039156164,-0.01672342834988468,-0.013360630701999538,8
dsads,APS,matched_b8,shortfall,0.012726287884929747,0.010309641580695597,0.015332529603499352,8
dsads,APS,matched_b8,size_fraction,-0.016458352876810363,-0.021847705308260894,-0.011904170062081608,8
dsads,LAC,full_reference,saving,0.4449162371255935,0.41137150558857805,0.4775261498206572,8
dsads,LAC,full_reference,coverage,-0.00525020688739207,-0.008765508367922765,-0.002277843052590295,8
dsads,LAC,full_reference,shortfall,0.006051520955935748,0.00355279197134051,0.008719339903974018,8
dsads,LAC,full_reference,size_fraction,0.0036211964693741577,-0.005656575879576284,0.013991160600576666,8
dsads,LAC,deterministic,saving,0.2743772045654578,0.24793078457608927,0.3025733886856495,8
dsads,LAC,deterministic,coverage,-0.007163764925281868,-0.010254136468224637,-0.004614124579541773,8
dsads,LAC,deterministic,shortfall,0.007566287418533217,0.005256651014204535,0.010437897441561319,8
dsads,LAC,deterministic,size_fraction,0.0035264768200589693,-0.0032223041482631574,0.009550249235161692,8
dsads,LAC,two_plan,saving,0.14643700452837163,0.13166352838716794,0.16130934506604927,8
dsads,LAC,two_plan,coverage,-0.004711364481425506,-0.007251432380389125,-0.0023205247724892575,8
dsads,LAC,two_plan,shortfall,0.005178483456281925,0.0031491741635320623,0.007401094941455517,8
dsads,LAC,two_plan,size_fraction,0.004403946933089691,-0.000173118926967801,0.010118607225668812,8
dsads,LAC,restricted_b4,saving,0.07240865328572917,0.05319536809342866,0.08974229546440729,8
dsads,LAC,restricted_b4,coverage,0.00014923999461617654,-0.0018986228873421566,0.002037703522192,8
dsads,LAC,restricted_b4,shortfall,-0.0006259523871459715,-0.0024309293936580177,0.0010698427865827042,8
dsads,LAC,restricted_b4,size_fraction,-0.004009374643499073,-0.009165856006054853,0.0012009901896896866,8
dsads,LAC,restricted_b8,saving,0.23359264517444678,0.19985851631968757,0.2692161760551558,8
dsads,LAC,restricted_b8,coverage,-0.010295500155793474,-0.011423665126672462,-0.00893326323102336,8
dsads,LAC,restricted_b8,shortfall,0.010003305619310959,0.00882133413535943,0.011359500918309371,8
dsads,LAC,restricted_b8,size_fraction,0.0001556412076230522,-0.002284464694582152,0.0034099099022372997,8
dsads,LAC,fixed_50,saving,-0.029862832075858943,-0.06325872463410351,0.0023371706380660145,8
dsads,LAC,fixed_50,coverage,0.012368846170600148,0.010193484392233504,0.014162226030152505,8
dsads,LAC,fixed_50,shortfall,-0.011626316215116885,-0.013080721026461822,-0.009980775594767741,8
dsads,LAC,fixed_50,size_fraction,0.006358722979935099,-0.0006103619193181239,0.01413911067017516,8
dsads,LAC,variance_save,saving,0.052619862579748086,0.029799258052676973,0.07447188855925381,8
dsads,LAC,variance_save,coverage,-0.018877812957689297,-0.021184408880872547,-0.016256216352755884,8
dsads,LAC,variance_save,shortfall,0.017203769524405534,0.015151038562743418,0.01927753552906441,8
dsads,LAC,variance_save,size_fraction,-0.0067405975441684855,-0.009760479898567445,-0.0032468519621234836,8
dsads,LAC,matched_b4,saving,-0.004319415221834502,-0.004545815436766228,-0.004055968194236145,8
dsads,LAC,matched_b4,coverage,0.0012567642078808727,-0.003849492710872829,0.00622988149337507,8
dsads,LAC,matched_b4,shortfall,-0.0020498740245710797,-0.0057911986620842034,0.0018840157187167972,8
dsads,LAC,matched_b4,size_fraction,-0.005092055444676322,-0.01388410999039813,0.0049178822596582395,8
dsads,LAC,matched_b8,saving,-0.005614823470545878,-0.006652354544208524,-0.004627191990966985,8
dsads,LAC,matched_b8,coverage,-0.018310131275184438,-0.02085212248364471,-0.01569781668450397,8
dsads,LAC,matched_b8,shortfall,0.014675586273309038,0.012647489311176579,0.017425530773586433,8
dsads,LAC,matched_b8,size_fraction,-0.02311637943539142,-0.02968603905421657,-0.01611345821451259,8
har,APS,full_reference,saving,0.5547957179574428,0.5448467618025652,0.5646511174742823,30
har,APS,full_reference,coverage,-0.004768617207541951,-0.007399106095734325,-0.002174563537344176,30
har,APS,full_reference,shortfall,0.008229080975291816,0.006190774174895686,0.010278678836477352,30
har,APS,full_reference,size_fraction,0.003525919516131715,0.001563835853662163,0.00540443083721531,30
har,APS,deterministic,saving,0.16341486319975948,0.1583425521109436,0.16816014203950652,30
har,APS,deterministic,coverage,-0.0036983628700295776,-0.004959852507184824,-0.0023563003175686333,30
har,APS,deterministic,shortfall,0.005065213587793745,0.004036957438065656,0.0060858679861482586,30
har,APS,deterministic,size_fraction,0.0011379143314085313,0.00016319820412437878,0.0021141794121335732,30
har,APS,two_plan,saving,0.07276016699462755,0.07027433663479522,0.07524002038026188,30
har,APS,two_plan,coverage,-0.0012902654763733978,-0.0017684965618263554,-0.0007938505826907712,30
har,APS,two_plan,shortfall,0.0020373811837854643,0.0015959437545234366,0.002473246187408443,30
har,APS,two_plan,size_fraction,0.0007811618696021168,0.00037034769312065395,0.0011850705024427323,30
har,APS,restricted_b4,saving,0.09798278509129932,0.09070973777972442,0.10530442567117011,30
har,APS,restricted_b4,coverage,-0.00046383151302775336,-0.0018009684734464717,0.0008254757064026204,30
har,APS,restricted_b4,shortfall,0.001407810157165059,0.00031578831645524326,0.002488331233354538,30
har,APS,restricted_b4,size_fraction,0.0014123493722042765,9.488312554856428e-05,0.0027343020818326506,30
har,APS,restricted_b8,saving,0.14827945876538923,0.1428191110548908,0.1539877332363732,30
har,APS,restricted_b8,coverage,-0.005328217042856383,-0.005990790115430141,-0.004645890313965972,30
har,APS,restricted_b8,shortfall,0.004786918788961148,0.004138535460053706,0.005432377497362592,30
har,APS,restricted_b8,size_fraction,-0.002883723910961831,-0.0032743770257078865,-0.0024936025980055315,30
har,APS,fixed_50,saving,0.08057604449408569,0.07046316714292568,0.0905217829773185,30
har,APS,fixed_50,coverage,0.0062323386109537394,0.005077745271652311,0.0074065728712596444,30
har,APS,fixed_50,shortfall,-0.004329212572950131,-0.0053028130409808714,-0.003390598215186427,30
har,APS,fixed_50,size_fraction,0.006899846361631457,0.00584604934655306,0.007997554747269488,30
har,APS,variance_save,saving,0.3107388972570881,0.2994289245786135,0.32143697369920476,30
har,APS,variance_save,coverage,-0.010305517145018435,-0.012634958546406396,-0.00795656369363224,30
har,APS,variance_save,shortfall,0.010795460900681165,0.008944131705189175,0.012654258913725668,30
har,APS,variance_save,size_fraction,-0.004009975656610704,-0.005926487111556841,-0.0022582899550333264,30
har,APS,matched_b4,saving,-0.004167940681249205,-0.004347961932987927,-0.003984279201037641,30
har,APS,matched_b4,coverage,-0.0008547614788433614,-0.0024394828409528024,0.0006046189065168884,30
har,APS,matched_b4,shortfall,7.760403920758503e-05,-0.001151200224678598,0.0013871652733390028,30
har,APS,matched_b4,size_fraction,-0.0013679343419695123,-0.003042749515062588,0.00014278559154318608,30
har,APS,matched_b8,saving,-0.00416866406087885,-0.004354881542700738,-0.003988539033711688,30
har,APS,matched_b8,coverage,-0.008280834575264628,-0.009379890645374615,-0.007202366624237346,30
har,APS,matched_b8,shortfall,0.0052185872021785675,0.004165486956733279,0.006266163698045604,30
har,APS,matched_b8,size_fraction,-0.00908237606239403,-0.010133086129362966,-0.008068507563038214,30
har,LAC,full_reference,saving,0.4872118607751828,0.4783531964369869,0.49543615381533074,30
har,LAC,full_reference,coverage,-0.008417836952886285,-0.010813300488910276,-0.0059923935798802145,30
har,LAC,full_reference,shortfall,0.00825325072208901,0.006043376156821492,0.010362341988806636,30
har,LAC,full_reference,size_fraction,0.0032344526945243626,0.0019760041712307062,0.004584014385025551,30
har,LAC,deterministic,saving,0.12466168593278727,0.12058146722513022,0.128705008544621,30
har,LAC,deterministic,coverage,-0.005161906475309023,-0.0062156617116303214,-0.004119500652054669,30
har,LAC,deterministic,shortfall,0.004899119801811986,0.003954488828231504,0.00581814458116916,30
har,LAC,deterministic,size_fraction,0.0016609405913209216,0.0009671184000386964,0.002395931354934008,30
har,LAC,two_plan,saving,0.053647661725681174,0.050787877148588935,0.05665895555328299,30
har,LAC,two_plan,coverage,-0.002103660834897392,-0.0026103281873599664,-0.0015927248565578598,30
har,LAC,two_plan,shortfall,0.0020533836773159644,0.001608741120099065,0.002501842807932037,30
har,LAC,two_plan,size_fraction,0.000916863011595534,0.000523037676805688,0.0013417144611047387,30
har,LAC,restricted_b4,saving,0.08894136958236049,0.08347352994344155,0.0941196533214483,30
har,LAC,restricted_b4,coverage,0.00019373873094682045,-0.0013791596528015253,0.0017578369468588526,30
har,LAC,restricted_b4,shortfall,0.0004411788384908481,-0.0008555974614744785,0.0016999301923336426,30
har,LAC,restricted_b4,size_fraction,0.0013387152654116405,0.0005393992702208604,0.002095636497245499,30
har,LAC,restricted_b8,saving,0.09799510300792719,0.09397697525426123,0.10211278282582875,30
har,LAC,restricted_b8,coverage,-0.006015659771724294,-0.007234829948375365,-0.004796143590591247,30
har,LAC,restricted_b8,shortfall,0.004560296965138463,0.003465433866450881,0.0057042559491461324,30
har,LAC,restricted_b8,size_fraction,-0.002376389628545239,-0.0030870140301629797,-0.0017168200389511758,30
har,LAC,fixed_50,saving,0.012992187311825866,0.004165294993183852,0.021228786340416143,30
har,LAC,fixed_50,coverage,0.009152988033860927,0.007157080459537289,0.011125008203899575,30
har,LAC,fixed_50,shortfall,-0.00785989411536334,-0.00947580631375756,-0.006275528028084364,30
har,LAC,fixed_50,size_fraction,0.0030366987743569653,0.0021867096702536722,0.003907199464817007,30
har,LAC,variance_save,saving,0.21397059673853977,0.20152956803286412,0.22614013483896908,30
har,LAC,variance_save,coverage,-0.004495694951322515,-0.0065201549341291415,-0.002413737464964852,30
har,LAC,variance_save,shortfall,0.004613475729930557,0.002839138569472648,0.006442071208630573,30
har,LAC,variance_save,size_fraction,0.0032665837631724805,0.002196852800800742,0.004405924828561709,30
har,LAC,matched_b4,saving,-0.004229342312878611,-0.004321881081042672,-0.004138396701510183,30
har,LAC,matched_b4,coverage,-0.0017026254261575558,-0.0035249969327672127,8.12462696349483e-05,30
har,LAC,matched_b4,shortfall,0.0004513954427011456,-0.0008813905902516981,0.0018781034408738976,30
har,LAC,matched_b4,size_fraction,-0.0032418293950123504,-0.004214889539472612,-0.002257966198269875,30
har,LAC,matched_b8,saving,-0.005814267081397128,-0.006104696510604501,-0.005516754852215234,30
har,LAC,matched_b8,coverage,-0.004835963603665894,-0.006137335112219635,-0.0035731191724478802,30
har,LAC,matched_b8,shortfall,0.0028227905443926494,0.001839639018568251,0.0038966171130458186,30
har,LAC,matched_b8,size_fraction,-0.004672822141162683,-0.005843896638007388,-0.0035394071173172025,30
mhealth,APS,full_reference,saving,0.4548378168690032,0.4382200238553066,0.47233836802892115,10
mhealth,APS,full_reference,coverage,-0.009929136546133078,-0.012111953602172437,-0.007997751793664081,10
mhealth,APS,full_reference,shortfall,0.010006538757638045,0.007611737160180259,0.012656248079271215,10
mhealth,APS,full_reference,size_fraction,-0.00044652840306842745,-0.0025092562038395803,0.0018373475766715092,10
mhealth,APS,deterministic,saving,0.2313829943862879,0.2215063879956248,0.24025617344816882,10
mhealth,APS,deterministic,coverage,-0.007034314441255185,-0.008496968945376555,-0.0057854811293318095,10
mhealth,APS,deterministic,shortfall,0.007375670121027278,0.005635452688949839,0.009267813717792466,10
mhealth,APS,deterministic,size_fraction,-0.0009432920912473191,-0.0027640040915741294,0.0007945465494511423,10
mhealth,APS,two_plan,saving,0.09355732595505582,0.08991927668376991,0.09680887505864813,10
mhealth,APS,two_plan,coverage,-0.003061005849070175,-0.004850754398124499,-0.0015692455264269994,10
mhealth,APS,two_plan,shortfall,0.003336341961587884,0.0019666219048919604,0.005193684446315195,10
mhealth,APS,two_plan,size_fraction,0.0005615607625746005,-0.0015888241611777343,0.0026762118633783466,10
mhealth,APS,restricted_b4,saving,0.11038181998579363,0.09973580354311949,0.12060865163136598,10
mhealth,APS,restricted_b4,coverage,-0.0009487401642727322,-0.002471026763471921,0.000566824682489994,10
mhealth,APS,restricted_b4,shortfall,0.0007374437621501797,-0.0007846584068214464,0.002281927108745475,10
mhealth,APS,restricted_b4,size_fraction,-0.00014393178860389876,-0.0024045884705084486,0.0023904141600478383,10
mhealth,APS,restricted_b8,saving,0.15188917880912356,0.13411836057318396,0.17139828940669202,10
mhealth,APS,restricted_b8,coverage,-0.004444092389269983,-0.006527149214183952,-0.0026910370332099555,10
mhealth,APS,restricted_b8,shortfall,0.004187646675692255,0.0023960278763445328,0.0063400254989220235,10
mhealth,APS,restricted_b8,size_fraction,-0.0026624124956245525,-0.003985202693132436,-0.0011093855223725426,10
mhealth,APS,fixed_50,saving,-0.019973144571945052,-0.03661169999229097,-0.0030078189578418494,10
mhealth,APS,fixed_50,coverage,0.007085210739310066,0.00547096426303438,0.00868377577158574,10
mhealth,APS,fixed_50,shortfall,-0.006670058857575397,-0.008050912405318652,-0.005255070900129106,10
mhealth,APS,fixed_50,size_fraction,0.006285831048657983,0.004370713266424174,0.008405951948555316,10
mhealth,APS,variance_save,saving,0.05467663121494627,0.03201712906774861,0.0783707830819163,10
mhealth,APS,variance_save,coverage,-0.004607878777747354,-0.007023921083781535,-0.002372889181924142,10
mhealth,APS,variance_save,shortfall,0.004458709975998153,0.002333408595946373,0.006909013261902798,10
mhealth,APS,variance_save,size_fraction,-0.0012127750332522752,-0.0033206910339849014,0.0010806498833066775,10
mhealth,APS,matched_b4,saving,-0.004043781487687775,-0.004182206637638842,-0.003896076658230388,10
mhealth,APS,matched_b4,coverage,-0.0020217681373457695,-0.004484035421263045,0.00033577121055056955,10
mhealth,APS,matched_b4,shortfall,0.0005534242331311744,-0.0015143676945174296,0.0025906908890644905,10
mhealth,APS,matched_b4,size_fraction,-0.004127857483240282,-0.0072939017858754465,-0.001132533914839801,10
mhealth,APS,matched_b8,saving,-0.004998518201010676,-0.0052297928670407634,-0.0047750269350231534,10
mhealth,APS,matched_b8,coverage,-0.004178655180029767,-0.008477165015927574,-0.0002093543702300886,10
mhealth,APS,matched_b8,shortfall,0.003291027826160435,-0.00036161766626588605,0.007196748448685523,10
mhealth,APS,matched_b8,size_fraction,-0.0067810108685552924,-0.010517091252692767,-0.003292671837025237,10
mhealth,LAC,full_reference,saving,0.4237670735880843,0.39759154864272145,0.44787147282403217,10
mhealth,LAC,full_reference,coverage,-0.009876021289765103,-0.01461823640416794,-0.005187054438928757,10
mhealth,LAC,full_reference,shortfall,0.011393389754130073,0.007181286681583542,0.015861850079128107,10
mhealth,LAC,full_reference,size_fraction,0.006640204332196105,0.0026263826142467663,0.010847040356739135,10
mhealth,LAC,deterministic,saving,0.18716478127165043,0.16650738656728695,0.20760363339187066,10
mhealth,LAC,deterministic,coverage,-0.005541352095637653,-0.008064282465519955,-0.0027890954278078054,10
mhealth,LAC,deterministic,shortfall,0.006452804216540609,0.00443402559849545,0.008390260057575457,10
mhealth,LAC,deterministic,size_fraction,0.00395559254837053,0.0012035365261551087,0.007084053529078144,10
mhealth,LAC,two_plan,saving,0.07791614108432506,0.06694550529022289,0.09026315413464531,10
mhealth,LAC,two_plan,coverage,-0.0029723800690999226,-0.004606277621075221,-0.0014241367495488536,10
mhealth,LAC,two_plan,shortfall,0.0033027887990054,0.002162741147350358,0.004432200992784774,10
mhealth,LAC,two_plan,size_fraction,0.002117969413255108,0.0005252846229594543,0.003776917178098229,10
mhealth,LAC,restricted_b4,saving,0.09532777539969828,0.08126143068935396,0.11011812695543924,10
mhealth,LAC,restricted_b4,coverage,-0.0036035132525593537,-0.007114402997711343,-0.0002050851877977389,10
mhealth,LAC,restricted_b4,shortfall,0.003389367341062671,0.0011335002447612832,0.0058108025519338765,10
mhealth,LAC,restricted_b4,size_fraction,0.0015206590676830737,-0.0005064188852341153,0.00378961015886661,10
mhealth,LAC,restricted_b8,saving,0.1392865318358131,0.1273388900467307,0.152282102820378,10
mhealth,LAC,restricted_b8,coverage,-0.009797645996346893,-0.01533781255209389,-0.00522447410800308,10
mhealth,LAC,restricted_b8,shortfall,0.0093126578470802,0.005178402993127016,0.014197811590896049,10
mhealth,LAC,restricted_b8,size_fraction,-0.0019967631231397305,-0.0037458199679535668,-0.0002155666295056118,10
mhealth,LAC,fixed_50,saving,-0.051043887852864026,-0.07788135312934794,-0.028045984142501996,10
mhealth,LAC,fixed_50,coverage,0.005020201531285273,0.0012243208698840475,0.008904577835570814,10
mhealth,LAC,fixed_50,shortfall,-0.0046979955309008545,-0.0076893559276652364,-0.0018471585205289116,10
mhealth,LAC,fixed_50,size_fraction,0.000768394922049205,-0.001986676715993937,0.0037464218448332253,10
mhealth,LAC,variance_save,saving,0.008151588574126734,-0.015069730561275032,0.03076733251443161,10
mhealth,LAC,variance_save,coverage,-0.007736532592081458,-0.014148885790679515,-0.0021039574373464534,10
mhealth,LAC,variance_save,shortfall,0.007540426235267029,0.0025028041991094607,0.013582820274681873,10
mhealth,LAC,variance_save,size_fraction,-0.007038236915238078,-0.012259147552095168,-0.0016896825998287926,10
mhealth,LAC,matched_b4,saving,-0.0041690333259766284,-0.0042724859118652685,-0.004060149493002962,10
mhealth,LAC,matched_b4,coverage,-0.006603084875953125,-0.010738888447149066,-0.00283436218709171,10
mhealth,LAC,matched_b4,shortfall,0.004854041925275818,0.0022812027247146455,0.00762222274862601,10
mhealth,LAC,matched_b4,size_fraction,-0.0034545051545991816,-0.006238540426296226,-0.000491183461446713,10
mhealth,LAC,matched_b8,saving,-0.0050638357534619205,-0.005525265291713608,-0.004634596256054567,10
mhealth,LAC,matched_b8,coverage,-0.011027131242803656,-0.016791232384391525,-0.006370017042439311,10
mhealth,LAC,matched_b8,shortfall,0.009367289986959978,0.005149431216627629,0.014727953142469379,10
mhealth,LAC,matched_b8,size_fraction,-0.005999287358183408,-0.008593982858094033,-0.003574184182525604,10
pamap2,APS,full_reference,saving,0.4161509256310554,0.40179047174759996,0.4313489007011459,8
pamap2,APS,full_reference,coverage,-0.0027856505666952053,-0.0048225101342462455,-0.0005823351521748732,8
pamap2,APS,full_reference,shortfall,0.0054752699229282465,0.0041001710400434144,0.006929923041903583,8
pamap2,APS,full_reference,size_fraction,0.009597350807270776,0.005241425511555879,0.014275962119989237,8
pamap2,APS,deterministic,saving,0.2594353974893643,0.24357846154856444,0.27694504735074565,8
pamap2,APS,deterministic,coverage,-0.002780554428736773,-0.004172392266485895,-0.001360309254965636,8
pamap2,APS,deterministic,shortfall,0.004438547903394872,0.003483254402368103,0.00556188204674549,8
pamap2,APS,deterministic,size_fraction,0.005263583581585553,0.002512202191842415,0.008332205965140773,8
pamap2,APS,two_plan,saving,0.10286763153005132,0.09780442092870173,0.10811894245794385,8
pamap2,APS,two_plan,coverage,-0.00041170451083476223,-0.001323401625529094,0.0005208869469757044,8
pamap2,APS,two_plan,shortfall,0.001120588715843294,0.0003120147247479936,0.0019550659153292774,8
pamap2,APS,two_plan,size_fraction,0.002530859375773159,0.0009441480982169253,0.004102821629065832,8
pamap2,APS,restricted_b4,saving,0.06536979826195413,0.0534670163584911,0.07727258016541716,8
pamap2,APS,restricted_b4,coverage,-0.0006880736909613272,-0.0027096720062089463,0.0012254487221255632,8
pamap2,APS,restricted_b4,shortfall,0.001231543637925778,-0.00027050861006268573,0.0028047240691855425,8
pamap2,APS,restricted_b4,size_fraction,0.0012505285565906007,-0.0017161654909822882,0.004248542329571256,8
pamap2,APS,restricted_b8,saving,0.24230680079669722,0.2273715475428816,0.25781469047487593,8
pamap2,APS,restricted_b8,coverage,-0.010438322426421384,-0.011948119190212984,-0.00886904699319395,8
pamap2,APS,restricted_b8,shortfall,0.010056119035504213,0.008678046249117983,0.011462003103168037,8
pamap2,APS,restricted_b8,size_fraction,-0.005910672679768823,-0.0087360828799967,-0.0030153194501683148,8
pamap2,APS,fixed_50,saving,-0.058628143570397036,-0.07318064046819275,-0.042553769371803433,8
pamap2,APS,fixed_50,coverage,0.003544613251880019,0.001908764699085792,0.004969504201625898,8
pamap2,APS,fixed_50,shortfall,-0.00352902989305113,-0.004564748585580447,-0.002263208473299763,8
pamap2,APS,fixed_50,size_fraction,0.0028207504650971105,0.00012736819390286175,0.005652381720090505,8
pamap2,APS,variance_save,saving,0.01627152889355757,-0.0030915730232869074,0.03759229368284372,8
pamap2,APS,variance_save,coverage,-0.02206668745193005,-0.02630847230518696,-0.017972157810417888,8
pamap2,APS,variance_save,shortfall,0.01878771200268696,0.014653857804127866,0.02353271763294103,8
pamap2,APS,variance_save,size_fraction,-0.024387928399884018,-0.02734480929995164,-0.02187338493416972,8
pamap2,APS,matched_b4,saving,-0.004069355669067541,-0.004264186500052443,-0.0038771996644659935,8
pamap2,APS,matched_b4,coverage,-0.006509077558327581,-0.008221078536391332,-0.005205334622807395,8
pamap2,APS,matched_b4,shortfall,0.005095268481000763,0.0038554849068004613,0.00679455394217835,8
pamap2,APS,matched_b4,size_fraction,-0.008188152822423377,-0.010273305182157175,-0.006243504775479291,8
pamap2,APS,matched_b8,saving,-0.005751645070668526,-0.006164561929894768,-0.005342744913327695,8
pamap2,APS,matched_b8,coverage,-0.026765447699466982,-0.030208475438317665,-0.023467289856019966,8
pamap2,APS,matched_b8,shortfall,0.020988565841853768,0.017542193134168667,0.024832502149858333,8
pamap2,APS,matched_b8,size_fraction,-0.0351924409494223,-0.03947798860084528,-0.03067000193873807,8
pamap2,LAC,full_reference,saving,0.34778818747065515,0.32871549787942306,0.36637553005557744,8
pamap2,LAC,full_reference,coverage,-0.004597426260678189,-0.005770597914247999,-0.0033295525484591825,8
pamap2,LAC,full_reference,shortfall,0.006227496729808504,0.004531904575848038,0.008023156333421176,8
pamap2,LAC,full_reference,size_fraction,0.009679462909612264,0.006636574684946605,0.01302420198638466,8
pamap2,LAC,deterministic,saving,0.24184356828422937,0.22505693864133594,0.2609581881169638,8
pamap2,LAC,deterministic,coverage,-0.003943263939766059,-0.005097012632213557,-0.002725971472350458,8
pamap2,LAC,deterministic,shortfall,0.0051847539876523786,0.0036389753062181967,0.006786400880489539,8
pamap2,LAC,deterministic,size_fraction,0.007240791041812973,0.004535682452028726,0.010259895135428257,8
pamap2,LAC,two_plan,saving,0.08484148404971911,0.07704188684955304,0.09389594784630236,8
pamap2,LAC,two_plan,coverage,-0.0008659726322161748,-0.0015989850144543672,-0.0001634152485567902,8
pamap2,LAC,two_plan,shortfall,0.0015527988947151793,0.0007861416142697769,0.002335983574940166,8
pamap2,LAC,two_plan,size_fraction,0.003935534690493125,0.002882162168261468,0.005177344135800486,8
pamap2,LAC,restricted_b4,saving,0.0849543492404084,0.07055718167289665,0.09865888901429787,8
pamap2,LAC,restricted_b4,coverage,-0.0008569796342163677,-0.0017837367919385793,9.565150713114113e-05,8
pamap2,LAC,restricted_b4,shortfall,0.0016163738693991895,0.0005293326580300314,0.0026375426974410703,8
pamap2,LAC,restricted_b4,size_fraction,0.003089430768429959,0.0012680664387355288,0.004517457975331762,8
pamap2,LAC,restricted_b8,saving,0.1363109615854941,0.1251336453900596,0.1472313861641132,8
pamap2,LAC,restricted_b8,coverage,-0.005018237108741441,-0.007354546192323383,-0.0027668253072587615,8
pamap2,LAC,restricted_b8,shortfall,0.004851589099121238,0.0027068036645720517,0.007229473585119903,8
pamap2,LAC,restricted_b8,size_fraction,-0.00019003242792745706,-0.0029480339393444695,0.002059104268266182,8
pamap2,LAC,fixed_50,saving,-0.12699088173079728,-0.14539223563020132,-0.10788623356677357,8
pamap2,LAC,fixed_50,coverage,0.003182810802460717,0.0016067276528584258,0.004489645120321553,8
pamap2,LAC,fixed_50,shortfall,-0.0039895760438236685,-0.005403818283725883,-0.002236172530099593,8
pamap2,LAC,fixed_50,size_fraction,-0.0066865025543804135,-0.008404204130476095,-0.005017834214758144,8
pamap2,LAC,variance_save,saving,0.00463502123671964,-0.012953715318769583,0.02312910869274998,8
pamap2,LAC,variance_save,coverage,-0.008663045971695899,-0.010652929171900322,-0.006693411501414707,8
pamap2,LAC,variance_save,shortfall,0.006948237925318011,0.005190337153788863,0.008574330332064886,8
pamap2,LAC,variance_save,size_fraction,-0.007538748075648395,-0.011986899916103078,-0.003135498718672287,8
pamap2,LAC,matched_b4,saving,-0.004051444756431731,-0.004134290175923061,-0.003976969969387902,8
pamap2,LAC,matched_b4,coverage,-0.008145261326580208,-0.00997425159598199,-0.006465548641022677,8
pamap2,LAC,matched_b4,shortfall,0.006343657546640178,0.004221403644865103,0.008414910881223673,8
pamap2,LAC,matched_b4,size_fraction,-0.011295862345903754,-0.013080132957303339,-0.009573535867256287,8
pamap2,LAC,matched_b8,saving,-0.007768587434847374,-0.008256145191699975,-0.007283246111362718,8
pamap2,LAC,matched_b8,coverage,-0.012453553166263717,-0.015391006473006343,-0.009763429044243255,8
pamap2,LAC,matched_b8,shortfall,0.009532862179534269,0.0069291664973949365,0.012008450898236756,8
pamap2,LAC,matched_b8,size_fraction,-0.016420935414429776,-0.020629600079673308,-0.012586450140857724,8
realdisp,APS,full_reference,saving,0.49726236120175826,0.4865192768862774,0.5079802027342849,15
realdisp,APS,full_reference,coverage,-0.006465911529479544,-0.008138709626351055,-0.004818525084259564,15
realdisp,APS,full_reference,shortfall,0.008489588094167682,0.007058450207405519,0.010016559156176613,15
realdisp,APS,full_reference,size_fraction,0.003994001419164556,0.0031321688329932376,0.004915812736056931,15
realdisp,APS,deterministic,saving,0.18839489826662909,0.18158923392878137,0.19537328579457736,15
realdisp,APS,deterministic,coverage,-0.004447332185630122,-0.005176807368965891,-0.0037095352059938274,15
realdisp,APS,deterministic,shortfall,0.005840775537158216,0.0050270111379188305,0.006652977183167911,15
realdisp,APS,deterministic,size_fraction,0.002327787159319968,0.001812565286694741,0.002860525036005317,15
realdisp,APS,two_plan,saving,0.08607492257469543,0.08238167183784136,0.09024241584021961,15
realdisp,APS,two_plan,coverage,-0.0018884605078341185,-0.0024318936340179498,-0.0013412439391502161,15
realdisp,APS,two_plan,shortfall,0.002539737540950712,0.002071626800145252,0.00302791596691908,15
realdisp,APS,two_plan,size_fraction,0.0007939507092659762,0.00033465295538968745,0.0011950410705532488,15
realdisp,APS,restricted_b4,saving,0.12577332449691522,0.11841219893289959,0.13295137311872043,15
realdisp,APS,restricted_b4,coverage,-0.001685749599821255,-0.003163213811268306,-0.0002250739234179221,15
realdisp,APS,restricted_b4,shortfall,0.001682789626060896,0.0005736633384386847,0.002887824360860864,15
realdisp,APS,restricted_b4,size_fraction,-0.0013197292330238716,-0.0027371410124460605,-1.2815502239850723e-05,15
realdisp,APS,restricted_b8,saving,0.19367677760254987,0.1825653553785995,0.2050842691396904,15
realdisp,APS,restricted_b8,coverage,-0.007468165992167086,-0.009154414224688883,-0.005849869506000284,15
realdisp,APS,restricted_b8,shortfall,0.0067831236367089775,0.00532213813117866,0.008357753719888693,15
realdisp,APS,restricted_b8,size_fraction,-0.004048707874876974,-0.005097706644753182,-0.0028999028853368865,15
realdisp,APS,fixed_50,saving,0.0226101566837744,0.012039704975602162,0.0331906541158223,15
realdisp,APS,fixed_50,coverage,0.0007993220417473597,-0.0008178683307996725,0.00235210125405217,15
realdisp,APS,fixed_50,shortfall,-0.00175138720121109,-0.0029975289258563358,-0.00034901354697231137,15
realdisp,APS,fixed_50,size_fraction,-0.0008030728339333197,-0.0019534402357986504,0.00023807263634756116,15
realdisp,APS,variance_save,saving,0.18455482668065895,0.17013736231514792,0.1991329849383929,15
realdisp,APS,variance_save,coverage,-0.008443516763147666,-0.009834246701933863,-0.00710813319296194,15
realdisp,APS,variance_save,shortfall,0.008076827349661976,0.0067060331844508774,0.00950567856535761,15
realdisp,APS,variance_save,size_fraction,-0.0015899747110325565,-0.00249861075529191,-0.0006404253272990301,15
realdisp,APS,matched_b4,saving,-0.004271684473334869,-0.004362354861834331,-0.00418208090044145,15
realdisp,APS,matched_b4,coverage,-0.005479603043552535,-0.007349783613061102,-0.0036623946320863744,15
realdisp,APS,matched_b4,shortfall,0.002469613528524062,0.0011666987741962651,0.0038943959191212294,15
realdisp,APS,matched_b4,size_fraction,-0.009957377723750155,-0.012088561190146408,-0.007925804450833915,15
realdisp,APS,matched_b8,saving,-0.00448286618487577,-0.004662452899774143,-0.0043140004078194094,15
realdisp,APS,matched_b8,coverage,-0.013076515691601783,-0.0146013389557802,-0.011497948399398977,15
realdisp,APS,matched_b8,shortfall,0.00798075391332518,0.006654807957079082,0.009244409129210703,15
realdisp,APS,matched_b8,size_fraction,-0.017160059845197684,-0.018428493423094498,-0.01581111236695369,15
realdisp,LAC,full_reference,saving,0.44817943331482285,0.43620313269701866,0.4599411654995856,15
realdisp,LAC,full_reference,coverage,-0.008233841673958827,-0.009583986639292472,-0.007070070270067659,15
realdisp,LAC,full_reference,shortfall,0.007829129170145843,0.006342026300660169,0.009278137724936391,15
realdisp,LAC,full_reference,size_fraction,0.005050373771192942,0.0034743883503421434,0.006703876837456773,15
realdisp,LAC,deterministic,saving,0.16202375452440823,0.15396830150695962,0.16998316803718516,15
realdisp,LAC,deterministic,coverage,-0.004338514691043738,-0.005130997313014343,-0.0036584965411436713,15
realdisp,LAC,deterministic,shortfall,0.004471196561024623,0.0036588449135770062,0.00523444174122662,15
realdisp,LAC,deterministic,size_fraction,0.0037315309775136805,0.0031424454825521755,0.004391400301414615,15
realdisp,LAC,two_plan,saving,0.06605432935228855,0.06386021709290987,0.06823435108086796,15
realdisp,LAC,two_plan,coverage,-0.0017911864263835471,-0.0023468667666688243,-0.0013156514024968177,15
realdisp,LAC,two_plan,shortfall,0.0017411808916403362,0.0013480890946872205,0.0021507400620467848,15
realdisp,LAC,two_plan,size_fraction,0.0009003289588220072,0.0006218957724560628,0.0011992681777708396,15
realdisp,LAC,restricted_b4,saving,0.11485787748064516,0.10594189105512646,0.12357538071756705,15
realdisp,LAC,restricted_b4,coverage,-0.0015413454664993998,-0.0025298357413741975,-0.0005907817776491822,15
realdisp,LAC,restricted_b4,shortfall,0.0009423934187261666,0.00022222103796755655,0.0016524395684021237,15
realdisp,LAC,restricted_b4,size_fraction,-0.002460079812934553,-0.00343638401638049,-0.0015478538517946765,15
realdisp,LAC,restricted_b8,saving,0.1451515545304593,0.13926248607433825,0.15107090764307415,15
realdisp,LAC,restricted_b8,coverage,-0.005651701367322004,-0.006657432549015585,-0.004721062760629447,15
realdisp,LAC,restricted_b8,shortfall,0.004411869457072653,0.003402469439146792,0.005416865779395877,15
realdisp,LAC,restricted_b8,size_fraction,-0.00037974392179934057,-0.0016846164343651921,0.000906965273203995,15
realdisp,LAC,fixed_50,saving,-0.026472771203161095,-0.0381924816263277,-0.014838914914070918,15
realdisp,LAC,fixed_50,coverage,0.0027891642838012857,0.0018458424016233516,0.0037306239606314925,15
realdisp,LAC,fixed_50,shortfall,-0.004002165788423488,-0.004744541353331734,-0.0032846617921624263,15
realdisp,LAC,fixed_50,size_fraction,-0.002876272645512955,-0.004453411192458444,-0.0013573462185876538,15
realdisp,LAC,variance_save,saving,0.11255045634573047,0.09516675629971307,0.12872057299832032,15
realdisp,LAC,variance_save,coverage,-0.004513140305424046,-0.005653200987750822,-0.0035024896332196795,15
realdisp,LAC,variance_save,shortfall,0.003914091297313624,0.0028802208319029026,0.005014819667868398,15
realdisp,LAC,variance_save,size_fraction,0.0035234035286586364,0.0017464900616602959,0.005366253919057619,15
realdisp,LAC,matched_b4,saving,-0.00444881039136706,-0.004504076222980113,-0.0043931215207350235,15
realdisp,LAC,matched_b4,coverage,-0.004751329133950666,-0.006300391904123478,-0.0033060290153129235,15
realdisp,LAC,matched_b4,shortfall,0.002045826214630082,0.0009293967897096119,0.0032648979302490637,15
realdisp,LAC,matched_b4,size_fraction,-0.009840483816666048,-0.01209554488569014,-0.007799286814480281,15
realdisp,LAC,matched_b8,saving,-0.005241507719050009,-0.005405256947502691,-0.005074635963345618,15
realdisp,LAC,matched_b8,coverage,-0.008306652402225589,-0.00986491709583857,-0.006771598759227024,15
realdisp,LAC,matched_b8,shortfall,0.004959894874890506,0.0034592428720621082,0.0065290228312946405,15
realdisp,LAC,matched_b8,size_fraction,-0.008949727740309547,-0.010645561704170817,-0.007486010090196691,15
wisdm,APS,full_reference,saving,0.5271292541243306,0.5250236730594683,0.529314820876726,51
wisdm,APS,full_reference,coverage,-0.0029451674616493484,-0.003777271117807618,-0.0020963418259373006,51
wisdm,APS,full_reference,shortfall,0.005823472454263688,0.005086772515829455,0.006543814669498419,51
wisdm,APS,full_reference,size_fraction,0.006888951528778727,0.005952723731385624,0.007921179712965382,51
wisdm,APS,deterministic,saving,0.1652072607037355,0.162451778664848,0.1680485221249429,51
wisdm,APS,deterministic,coverage,-0.0019646194594330458,-0.0023168138369759972,-0.0015944743004084113,51
wisdm,APS,deterministic,shortfall,0.0036447862219826147,0.0033329787811436696,0.003967859463546786,51
wisdm,APS,deterministic,size_fraction,0.00430138115450555,0.003928459134138333,0.004675077242733628,51
wisdm,APS,two_plan,saving,0.07082105071523019,0.0694689783259835,0.0720787451765185,51
wisdm,APS,two_plan,coverage,-0.0003333867499817192,-0.0005141761418950235,-0.00013941163665651834,51
wisdm,APS,two_plan,shortfall,0.0012125932780874355,0.0010505434386195982,0.0013682793564772087,51
wisdm,APS,two_plan,size_fraction,0.0025119767955342144,0.002329414330003836,0.0026889709373672647,51
wisdm,APS,restricted_b4,saving,0.07642192363250297,0.0730454148968952,0.07991734036861327,51
wisdm,APS,restricted_b4,coverage,0.00262215408911528,0.0021501382124034345,0.003135628892661767,51
wisdm,APS,restricted_b4,shortfall,-0.0017338046550529524,-0.002247289414222303,-0.0012553501202485504,51
wisdm,APS,restricted_b4,size_fraction,0.0036949952652725907,0.0028460050395018033,0.004529579102138813,51
wisdm,APS,restricted_b8,saving,0.08976048250692041,0.0871226536133445,0.09253168020969313,51
wisdm,APS,restricted_b8,coverage,-0.0030828044149376157,-0.0035151952083380834,-0.0026472547547690814,51
wisdm,APS,restricted_b8,shortfall,0.003031934258349529,0.002661248510869262,0.003424495886305934,51
wisdm,APS,restricted_b8,size_fraction,-0.0017934650864095663,-0.0023558870563267125,-0.0012849472788792455,51
wisdm,APS,fixed_50,saving,0.05290958066097369,0.05078053878036809,0.055047183600511744,51
wisdm,APS,fixed_50,coverage,0.01293071552857356,0.012134316658457238,0.013764104746024944,51
wisdm,APS,fixed_50,shortfall,-0.01030565109573729,-0.011142707941416712,-0.009527461153505744,51
wisdm,APS,fixed_50,size_fraction,0.015569118455366555,0.014501816294776442,0.016702337634574335,51
wisdm,APS,variance_save,saving,0.3376489910712667,0.33478966992857934,0.3405508368595321,51
wisdm,APS,variance_save,coverage,-0.004254750248021257,-0.0049436858448996,-0.00357230756006363,51
wisdm,APS,variance_save,shortfall,0.006594765360964808,0.005940330690049032,0.0072427964869052255,51
wisdm,APS,variance_save,size_fraction,0.004817792177730022,0.0038997420252044283,0.005688074122914002,51
wisdm,APS,matched_b4,saving,-0.004407697024578447,-0.004499951429857013,-0.004312969896640341,51
wisdm,APS,matched_b4,coverage,0.0035667373208310826,0.0028858558620785636,0.004233169437666676,51
wisdm,APS,matched_b4,shortfall,-0.003802851687242344,-0.004422743024296843,-0.0032092205875410397,51
wisdm,APS,matched_b4,size_fraction,0.0005848970706860032,-0.0007863048976524722,0.0019068150530050115,51
wisdm,APS,matched_b8,saving,-0.005513545903481865,-0.005597240110707121,-0.005427874576492919,51
wisdm,APS,matched_b8,coverage,-0.006764148721718904,-0.007429142575339126,-0.006119824155769985,51
wisdm,APS,matched_b8,shortfall,0.00429740144884119,0.0037023755652510434,0.004912053557445012,51
wisdm,APS,matched_b8,size_fraction,-0.01124117501580221,-0.012067008980253946,-0.010405542017303832,51
wisdm,LAC,full_reference,saving,0.5138888062378891,0.5111051955463355,0.5164440147302093,51
wisdm,LAC,full_reference,coverage,-0.004702499764772815,-0.0057515914614929674,-0.003654128245562687,51
wisdm,LAC,full_reference,shortfall,0.00633016573246515,0.005495189983733534,0.007156469037553032,51
wisdm,LAC,full_reference,size_fraction,0.0037933882494983347,0.0023865612003356215,0.005161285103133296,51
wisdm,LAC,deterministic,saving,0.16502707441454512,0.16080373394969133,0.16972866648818366,51
wisdm,LAC,deterministic,coverage,-0.0028778173488378327,-0.0034820713956219378,-0.0022503969006572957,51
wisdm,LAC,deterministic,shortfall,0.003789875354844457,0.0032520417566781756,0.004314452735229932,51
wisdm,LAC,deterministic,size_fraction,0.0023200787545636045,0.0016916382542930116,0.0029633741831620354,51
wisdm,LAC,two_plan,saving,0.06804086813405712,0.06634338675997521,0.06982706449157078,51
wisdm,LAC,two_plan,coverage,-0.0009273514085186655,-0.0012329039643446855,-0.0006245225404735779,51
wisdm,LAC,two_plan,shortfall,0.0012534362597072704,0.0010140810144683404,0.0015093366005597489,51
wisdm,LAC,two_plan,size_fraction,0.0008777456962712035,0.0005401488242237046,0.001230321326788778,51
wisdm,LAC,restricted_b4,saving,0.07121820665041573,0.06961312170819611,0.07281873110526846,51
wisdm,LAC,restricted_b4,coverage,0.0007129101896925396,1.6258608107968988e-05,0.0014286798922614654,51
wisdm,LAC,restricted_b4,shortfall,-0.0004577594020281008,-0.0009487291655128165,3.246039717989606e-05,51
wisdm,LAC,restricted_b4,size_fraction,0.0012600201767920549,2.1313658248909106e-05,0.002482446907679383,51
wisdm,LAC,restricted_b8,saving,0.09709265740667054,0.09466272091641587,0.09949670321725029,51
wisdm,LAC,restricted_b8,coverage,-0.0022683527545853677,-0.002653466527567783,-0.0018605959737764462,51
wisdm,LAC,restricted_b8,shortfall,0.0021894959773559514,0.0018442035179736182,0.0025322185804695393,51
wisdm,LAC,restricted_b8,size_fraction,-0.001714230975837453,-0.0022341080216734905,-0.0011804908103680988,51
wisdm,LAC,fixed_50,saving,0.03966913277453214,0.036933705648195744,0.04229574707218294,51
wisdm,LAC,fixed_50,coverage,0.013053382442547976,0.012157094508034703,0.013927778119644027,51
wisdm,LAC,fixed_50,shortfall,-0.011055395299260388,-0.011884654847106822,-0.010248656372005543,51
wisdm,LAC,fixed_50,size_fraction,0.014507654148596602,0.013234768369389954,0.015753023294113048,51
wisdm,LAC,variance_save,saving,0.31660192800033526,0.313954673053229,0.3193933182873318,51
wisdm,LAC,variance_save,coverage,-0.004284481349486435,-0.0052071147575414615,-0.0034409509332364186,51
wisdm,LAC,variance_save,shortfall,0.005869877455022842,0.005046130539465041,0.006727295884701194,51
wisdm,LAC,variance_save,size_fraction,0.0034147474954143438,0.002511955902467583,0.004348453939416062,51
wisdm,LAC,matched_b4,saving,-0.004115675154746728,-0.004192011117654272,-0.0040421971925327475,51
wisdm,LAC,matched_b4,coverage,0.0030040467149712747,0.0022130378146250408,0.003847494022809602,51
wisdm,LAC,matched_b4,shortfall,-0.0033597258525244994,-0.004056779749249456,-0.002694216529808415,51
wisdm,LAC,matched_b4,size_fraction,0.0002920420321675377,-0.0010964136710763881,0.001735318189345348,51
wisdm,LAC,matched_b8,saving,-0.005552151076133796,-0.005741786890068039,-0.005362933290551173,51
wisdm,LAC,matched_b8,coverage,-0.003194210403878274,-0.003816351364630519,-0.0025785324279737004,51
wisdm,LAC,matched_b8,shortfall,0.0017845896829945674,0.0012545650623686825,0.002386637195724618,51
wisdm,LAC,matched_b8,size_fraction,-0.007038802975153025,-0.008033944841425474,-0.005976662112206829,51
