dataset,score,policy,sum,count,mean
dsads,APS,deterministic,0,144,0.0
dsads,APS,drop_coverage,105,144,0.7291666666666666
dsads,APS,drop_shortfall,75,144,0.5208333333333334
dsads,APS,drop_size,139,144,0.9652777777777778
dsads,APS,fixed_25,130,144,0.9027777777777778
dsads,APS,fixed_50,91,144,0.6319444444444444
dsads,APS,fixed_75,25,144,0.1736111111111111
dsads,APS,full_b1,141,144,0.9791666666666666
dsads,APS,full_b2,138,141,0.9787234042553191
dsads,APS,full_b4,0,138,0.0
dsads,APS,full_b8,26,132,0.19696969696969696
dsads,APS,full_reference,0,144,0.0
dsads,APS,kappa0,137,144,0.9513888888888888
dsads,APS,kappa05,111,144,0.7708333333333334
dsads,APS,kappa2,24,144,0.16666666666666666
dsads,APS,matched_b1,144,144,1.0
dsads,APS,matched_b2,143,144,0.9930555555555556
dsads,APS,matched_b4,109,144,0.7569444444444444
dsads,APS,matched_b8,111,144,0.7708333333333334
dsads,APS,random_planning,80,144,0.5555555555555556
dsads,APS,restricted_b1,136,144,0.9444444444444444
dsads,APS,restricted_b4,29,144,0.2013888888888889
dsads,APS,restricted_b8,49,144,0.3402777777777778
dsads,APS,sparse,70,144,0.4861111111111111
dsads,APS,two_plan,30,144,0.20833333333333334
dsads,APS,variance_save,53,144,0.3680555555555556
dsads,LAC,deterministic,11,144,0.0763888888888889
dsads,LAC,drop_coverage,113,144,0.7847222222222222
dsads,LAC,drop_shortfall,93,144,0.6458333333333334
dsads,LAC,drop_size,131,144,0.9097222222222222
dsads,LAC,fixed_25,141,144,0.9791666666666666
dsads,LAC,fixed_50,114,144,0.7916666666666666
dsads,LAC,fixed_75,39,144,0.2708333333333333
dsads,LAC,full_b1,141,144,0.9791666666666666
dsads,LAC,full_b2,131,141,0.9290780141843972
dsads,LAC,full_b4,0,138,0.0
dsads,LAC,full_b8,85,132,0.6439393939393939
dsads,LAC,full_reference,0,144,0.0
dsads,LAC,kappa0,136,144,0.9444444444444444
dsads,LAC,kappa05,128,144,0.8888888888888888
dsads,LAC,kappa2,22,144,0.1527777777777778
dsads,LAC,matched_b1,144,144,1.0
dsads,LAC,matched_b2,141,144,0.9791666666666666
dsads,LAC,matched_b4,134,144,0.9305555555555556
dsads,LAC,matched_b8,125,144,0.8680555555555556
dsads,LAC,random_planning,87,144,0.6041666666666666
dsads,LAC,restricted_b1,102,144,0.7083333333333334
dsads,LAC,restricted_b4,66,144,0.4583333333333333
dsads,LAC,restricted_b8,32,144,0.2222222222222222
dsads,LAC,sparse,88,144,0.6111111111111112
dsads,LAC,two_plan,26,144,0.18055555555555555
dsads,LAC,variance_save,84,144,0.5833333333333334
har,APS,deterministic,16,144,0.1111111111111111
har,APS,drop_coverage,88,144,0.6111111111111112
har,APS,drop_shortfall,93,144,0.6458333333333334
har,APS,drop_size,109,144,0.7569444444444444
har,APS,fixed_25,123,144,0.8541666666666666
har,APS,fixed_50,74,144,0.5138888888888888
har,APS,fixed_75,50,144,0.3472222222222222
har,APS,full_b1,95,144,0.6597222222222222
har,APS,full_b2,67,141,0.475177304964539
har,APS,full_b4,0,138,0.0
har,APS,full_b8,61,132,0.4621212121212121
har,APS,full_reference,0,144,0.0
har,APS,kappa0,138,144,0.9583333333333334
har,APS,kappa05,115,144,0.7986111111111112
har,APS,kappa2,8,144,0.05555555555555555
har,APS,matched_b1,121,144,0.8402777777777778
har,APS,matched_b2,118,144,0.8194444444444444
har,APS,matched_b4,111,144,0.7708333333333334
har,APS,matched_b8,121,144,0.8402777777777778
har,APS,random_planning,96,144,0.6666666666666666
har,APS,restricted_b1,91,144,0.6319444444444444
har,APS,restricted_b4,36,144,0.25
har,APS,restricted_b8,33,144,0.22916666666666666
har,APS,sparse,74,144,0.5138888888888888
har,APS,two_plan,36,144,0.25
har,APS,variance_save,53,144,0.3680555555555556
har,LAC,deterministic,17,144,0.11805555555555555
har,LAC,drop_coverage,86,144,0.5972222222222222
har,LAC,drop_shortfall,76,144,0.5277777777777778
har,LAC,drop_size,114,144,0.7916666666666666
har,LAC,fixed_25,115,144,0.7986111111111112
har,LAC,fixed_50,75,144,0.5208333333333334
har,LAC,fixed_75,42,144,0.2916666666666667
har,LAC,full_b1,80,144,0.5555555555555556
har,LAC,full_b2,54,141,0.3829787234042553
har,LAC,full_b4,0,138,0.0
har,LAC,full_b8,17,132,0.12878787878787878
har,LAC,full_reference,0,144,0.0
har,LAC,kappa0,134,144,0.9305555555555556
har,LAC,kappa05,107,144,0.7430555555555556
har,LAC,kappa2,23,144,0.1597222222222222
har,LAC,matched_b1,128,144,0.8888888888888888
har,LAC,matched_b2,125,144,0.8680555555555556
har,LAC,matched_b4,98,144,0.6805555555555556
har,LAC,matched_b8,98,144,0.6805555555555556
har,LAC,random_planning,101,144,0.7013888888888888
har,LAC,restricted_b1,73,144,0.5069444444444444
har,LAC,restricted_b4,48,144,0.3333333333333333
har,LAC,restricted_b8,23,144,0.1597222222222222
har,LAC,sparse,67,144,0.4652777777777778
har,LAC,two_plan,45,144,0.3125
har,LAC,variance_save,29,144,0.2013888888888889
mhealth,APS,deterministic,17,144,0.11805555555555555
mhealth,APS,drop_coverage,102,144,0.7083333333333334
mhealth,APS,drop_shortfall,95,144,0.6597222222222222
mhealth,APS,drop_size,130,144,0.9027777777777778
mhealth,APS,fixed_25,131,144,0.9097222222222222
mhealth,APS,fixed_50,85,144,0.5902777777777778
mhealth,APS,fixed_75,55,144,0.3819444444444444
mhealth,APS,full_b1,64,144,0.4444444444444444
mhealth,APS,full_b2,35,141,0.24822695035460993
mhealth,APS,full_b4,0,138,0.0
mhealth,APS,full_b8,37,132,0.2803030303030303
mhealth,APS,full_reference,0,144,0.0
mhealth,APS,kappa0,136,144,0.9444444444444444
mhealth,APS,kappa05,105,144,0.7291666666666666
mhealth,APS,kappa2,43,144,0.2986111111111111
mhealth,APS,matched_b1,136,144,0.9444444444444444
mhealth,APS,matched_b2,121,144,0.8402777777777778
mhealth,APS,matched_b4,107,144,0.7430555555555556
mhealth,APS,matched_b8,116,144,0.8055555555555556
mhealth,APS,random_planning,117,144,0.8125
mhealth,APS,restricted_b1,86,144,0.5972222222222222
mhealth,APS,restricted_b4,63,144,0.4375
mhealth,APS,restricted_b8,50,144,0.3472222222222222
mhealth,APS,sparse,87,144,0.6041666666666666
mhealth,APS,two_plan,41,144,0.2847222222222222
mhealth,APS,variance_save,72,144,0.5
mhealth,LAC,deterministic,55,144,0.3819444444444444
mhealth,LAC,drop_coverage,126,144,0.875
mhealth,LAC,drop_shortfall,125,144,0.8680555555555556
mhealth,LAC,drop_size,133,144,0.9236111111111112
mhealth,LAC,fixed_25,136,144,0.9444444444444444
mhealth,LAC,fixed_50,102,144,0.7083333333333334
mhealth,LAC,fixed_75,52,144,0.3611111111111111
mhealth,LAC,full_b1,100,144,0.6944444444444444
mhealth,LAC,full_b2,34,141,0.24113475177304963
mhealth,LAC,full_b4,0,138,0.0
mhealth,LAC,full_b8,22,132,0.16666666666666666
mhealth,LAC,full_reference,0,144,0.0
mhealth,LAC,kappa0,137,144,0.9513888888888888
mhealth,LAC,kappa05,133,144,0.9236111111111112
mhealth,LAC,kappa2,70,144,0.4861111111111111
mhealth,LAC,matched_b1,141,144,0.9791666666666666
mhealth,LAC,matched_b2,113,144,0.7847222222222222
mhealth,LAC,matched_b4,99,144,0.6875
mhealth,LAC,matched_b8,107,144,0.7430555555555556
mhealth,LAC,random_planning,91,144,0.6319444444444444
mhealth,LAC,restricted_b1,131,144,0.9097222222222222
mhealth,LAC,restricted_b4,82,144,0.5694444444444444
mhealth,LAC,restricted_b8,56,144,0.3888888888888889
mhealth,LAC,sparse,112,144,0.7777777777777778
mhealth,LAC,two_plan,86,144,0.5972222222222222
mhealth,LAC,variance_save,86,144,0.5972222222222222
pamap2,APS,deterministic,6,144,0.041666666666666664
pamap2,APS,drop_coverage,95,144,0.6597222222222222
pamap2,APS,drop_shortfall,85,144,0.5902777777777778
pamap2,APS,drop_size,138,144,0.9583333333333334
pamap2,APS,fixed_25,144,144,1.0
pamap2,APS,fixed_50,117,144,0.8125
pamap2,APS,fixed_75,48,144,0.3333333333333333
pamap2,APS,full_b1,141,144,0.9791666666666666
pamap2,APS,full_b2,133,141,0.9432624113475178
pamap2,APS,full_b4,0,138,0.0
pamap2,APS,full_b8,132,132,1.0
pamap2,APS,full_reference,0,144,0.0
pamap2,APS,kappa0,140,144,0.9722222222222222
pamap2,APS,kappa05,129,144,0.8958333333333334
pamap2,APS,kappa2,27,144,0.1875
pamap2,APS,matched_b1,144,144,1.0
pamap2,APS,matched_b2,142,144,0.9861111111111112
pamap2,APS,matched_b4,131,144,0.9097222222222222
pamap2,APS,matched_b8,139,144,0.9652777777777778
pamap2,APS,random_planning,99,144,0.6875
pamap2,APS,restricted_b1,11,144,0.0763888888888889
pamap2,APS,restricted_b4,88,144,0.6111111111111112
pamap2,APS,restricted_b8,120,144,0.8333333333333334
pamap2,APS,sparse,78,144,0.5416666666666666
pamap2,APS,two_plan,63,144,0.4375
pamap2,APS,variance_save,125,144,0.8680555555555556
pamap2,LAC,deterministic,4,144,0.027777777777777776
pamap2,LAC,drop_coverage,129,144,0.8958333333333334
pamap2,LAC,drop_shortfall,105,144,0.7291666666666666
pamap2,LAC,drop_size,137,144,0.9513888888888888
pamap2,LAC,fixed_25,144,144,1.0
pamap2,LAC,fixed_50,141,144,0.9791666666666666
pamap2,LAC,fixed_75,67,144,0.4652777777777778
pamap2,LAC,full_b1,42,144,0.2916666666666667
pamap2,LAC,full_b2,27,141,0.19148936170212766
pamap2,LAC,full_b4,0,138,0.0
pamap2,LAC,full_b8,32,132,0.24242424242424243
pamap2,LAC,full_reference,0,144,0.0
pamap2,LAC,kappa0,141,144,0.9791666666666666
pamap2,LAC,kappa05,135,144,0.9375
pamap2,LAC,kappa2,32,144,0.2222222222222222
pamap2,LAC,matched_b1,127,144,0.8819444444444444
pamap2,LAC,matched_b2,93,144,0.6458333333333334
pamap2,LAC,matched_b4,140,144,0.9722222222222222
pamap2,LAC,matched_b8,139,144,0.9652777777777778
pamap2,LAC,random_planning,113,144,0.7847222222222222
pamap2,LAC,restricted_b1,38,144,0.2638888888888889
pamap2,LAC,restricted_b4,41,144,0.2847222222222222
pamap2,LAC,restricted_b8,90,144,0.625
pamap2,LAC,sparse,110,144,0.7638888888888888
pamap2,LAC,two_plan,57,144,0.3958333333333333
pamap2,LAC,variance_save,122,144,0.8472222222222222
realdisp,APS,deterministic,15,144,0.10416666666666667
realdisp,APS,drop_coverage,105,144,0.7291666666666666
realdisp,APS,drop_shortfall,102,144,0.7083333333333334
realdisp,APS,drop_size,136,144,0.9444444444444444
realdisp,APS,fixed_25,128,144,0.8888888888888888
realdisp,APS,fixed_50,81,144,0.5625
realdisp,APS,fixed_75,47,144,0.3263888888888889
realdisp,APS,full_b1,67,144,0.4652777777777778
realdisp,APS,full_b2,68,141,0.48226950354609927
realdisp,APS,full_b4,0,138,0.0
realdisp,APS,full_b8,44,132,0.3333333333333333
realdisp,APS,full_reference,0,144,0.0
realdisp,APS,kappa0,139,144,0.9652777777777778
realdisp,APS,kappa05,126,144,0.875
realdisp,APS,kappa2,15,144,0.10416666666666667
realdisp,APS,matched_b1,126,144,0.875
realdisp,APS,matched_b2,136,144,0.9444444444444444
realdisp,APS,matched_b4,127,144,0.8819444444444444
realdisp,APS,matched_b8,140,144,0.9722222222222222
realdisp,APS,random_planning,108,144,0.75
realdisp,APS,restricted_b1,53,144,0.3680555555555556
realdisp,APS,restricted_b4,35,144,0.24305555555555555
realdisp,APS,restricted_b8,44,144,0.3055555555555556
realdisp,APS,sparse,93,144,0.6458333333333334
realdisp,APS,two_plan,61,144,0.4236111111111111
realdisp,APS,variance_save,51,144,0.3541666666666667
realdisp,LAC,deterministic,13,144,0.09027777777777778
realdisp,LAC,drop_coverage,101,144,0.7013888888888888
realdisp,LAC,drop_shortfall,93,144,0.6458333333333334
realdisp,LAC,drop_size,131,144,0.9097222222222222
realdisp,LAC,fixed_25,123,144,0.8541666666666666
realdisp,LAC,fixed_50,75,144,0.5208333333333334
realdisp,LAC,fixed_75,41,144,0.2847222222222222
realdisp,LAC,full_b1,36,144,0.25
realdisp,LAC,full_b2,36,141,0.2553191489361702
realdisp,LAC,full_b4,0,138,0.0
realdisp,LAC,full_b8,14,132,0.10606060606060606
realdisp,LAC,full_reference,0,144,0.0
realdisp,LAC,kappa0,139,144,0.9652777777777778
realdisp,LAC,kappa05,122,144,0.8472222222222222
realdisp,LAC,kappa2,23,144,0.1597222222222222
realdisp,LAC,matched_b1,98,144,0.6805555555555556
realdisp,LAC,matched_b2,120,144,0.8333333333333334
realdisp,LAC,matched_b4,113,144,0.7847222222222222
realdisp,LAC,matched_b8,101,144,0.7013888888888888
realdisp,LAC,random_planning,112,144,0.7777777777777778
realdisp,LAC,restricted_b1,43,144,0.2986111111111111
realdisp,LAC,restricted_b4,75,144,0.5208333333333334
realdisp,LAC,restricted_b8,17,144,0.11805555555555555
realdisp,LAC,sparse,89,144,0.6180555555555556
realdisp,LAC,two_plan,51,144,0.3541666666666667
realdisp,LAC,variance_save,25,144,0.1736111111111111
wisdm,APS,deterministic,14,144,0.09722222222222222
wisdm,APS,drop_coverage,56,144,0.3888888888888889
wisdm,APS,drop_shortfall,65,144,0.4513888888888889
wisdm,APS,drop_size,123,144,0.8541666666666666
wisdm,APS,fixed_25,121,144,0.8402777777777778
wisdm,APS,fixed_50,73,144,0.5069444444444444
wisdm,APS,fixed_75,51,144,0.3541666666666667
wisdm,APS,full_b1,78,144,0.5416666666666666
wisdm,APS,full_b2,35,141,0.24822695035460993
wisdm,APS,full_b4,0,138,0.0
wisdm,APS,full_b8,41,132,0.3106060606060606
wisdm,APS,full_reference,0,144,0.0
wisdm,APS,kappa0,126,144,0.875
wisdm,APS,kappa05,102,144,0.7083333333333334
wisdm,APS,kappa2,7,144,0.04861111111111111
wisdm,APS,matched_b1,132,144,0.9166666666666666
wisdm,APS,matched_b2,120,144,0.8333333333333334
wisdm,APS,matched_b4,119,144,0.8263888888888888
wisdm,APS,matched_b8,127,144,0.8819444444444444
wisdm,APS,random_planning,124,144,0.8611111111111112
wisdm,APS,restricted_b1,20,144,0.1388888888888889
wisdm,APS,restricted_b4,16,144,0.1111111111111111
wisdm,APS,restricted_b8,63,144,0.4375
wisdm,APS,sparse,55,144,0.3819444444444444
wisdm,APS,two_plan,24,144,0.16666666666666666
wisdm,APS,variance_save,29,144,0.2013888888888889
wisdm,LAC,deterministic,11,144,0.0763888888888889
wisdm,LAC,drop_coverage,47,144,0.3263888888888889
wisdm,LAC,drop_shortfall,49,144,0.3402777777777778
wisdm,LAC,drop_size,93,144,0.6458333333333334
wisdm,LAC,fixed_25,118,144,0.8194444444444444
wisdm,LAC,fixed_50,71,144,0.4930555555555556
wisdm,LAC,fixed_75,52,144,0.3611111111111111
wisdm,LAC,full_b1,66,144,0.4583333333333333
wisdm,LAC,full_b2,42,141,0.2978723404255319
wisdm,LAC,full_b4,0,138,0.0
wisdm,LAC,full_b8,29,132,0.2196969696969697
wisdm,LAC,full_reference,0,144,0.0
wisdm,LAC,kappa0,116,144,0.8055555555555556
wisdm,LAC,kappa05,77,144,0.5347222222222222
wisdm,LAC,kappa2,2,144,0.013888888888888888
wisdm,LAC,matched_b1,130,144,0.9027777777777778
wisdm,LAC,matched_b2,127,144,0.8819444444444444
wisdm,LAC,matched_b4,113,144,0.7847222222222222
wisdm,LAC,matched_b8,116,144,0.8055555555555556
wisdm,LAC,random_planning,105,144,0.7291666666666666
wisdm,LAC,restricted_b1,6,144,0.041666666666666664
wisdm,LAC,restricted_b4,23,144,0.1597222222222222
wisdm,LAC,restricted_b8,35,144,0.24305555555555555
wisdm,LAC,sparse,36,144,0.25
wisdm,LAC,two_plan,23,144,0.1597222222222222
wisdm,LAC,variance_save,24,144,0.16666666666666666
